Date,Adj Close,Close,High,Low,Open,Volume
2021-07-14,944.7867431640625,962.6886596679688,972.3109130859375,960.4965209960938,969.3111572265625,8532544
2021-07-15,943.1336669921875,961.0042114257812,966.8421630859375,959.2274169921875,966.8421630859375,9448356
2021-07-16,956.7437744140625,974.8722534179688,975.956787109375,963.4270629882812,963.4962768554688,8828185
2021-07-19,950.6520385742188,968.6651000976562,980.2256469726562,965.5730590820312,969.149658203125,8354449
2021-07-20,948.3194580078125,966.288330078125,972.8416748046875,961.7656860351562,968.9188842773438,6741464
2021-07-22,960.5029907226562,978.7026977539062,980.1795043945312,968.2958984375,977.9181518554688,7972397
2021-07-23,953.7093505859375,971.7802124023438,985.04833984375,970.095703125,985.04833984375,9937030
2021-07-26,940.6426391601562,958.4659423828125,978.8411254882812,955.8123168945312,972.8416748046875,12389668
2021-07-27,930.746337890625,948.3821411132812,961.627197265625,942.3826904296875,958.44287109375,10824523
2021-07-28,922.7522583007812,940.2366943359375,949.7666625976562,930.4990234375,949.7666625976562,12897848
2021-07-29,929.9537353515625,947.5745239257812,957.3352661132812,943.0287475585938,947.920654296875,13765738
2021-07-30,921.8237915039062,939.2906494140625,954.3585815429688,937.352294921875,949.7666625976562,11350608
2021-08-02,938.6724243164062,956.4584350585938,959.6427612304688,941.9904174804688,948.0591430664062,10925104
2021-08-03,945.579345703125,963.4962768554688,964.9961547851562,952.6279907226562,964.53466796875,11817299
2021-08-04,952.8261108398438,970.8803100585938,975.6106567382812,963.150146484375,966.5652465820312,13169800
2021-08-05,966.6400756835938,984.9560546875,994.4398193359375,971.1110229492188,975.7490844726562,21252078
2021-08-06,946.168212890625,964.0962524414062,990.8170776367188,959.3427734375,982.9715576171875,16620987
2021-08-09,940.7785034179688,958.6043701171875,964.4423828125,953.6893920898438,960.3811645507812,7494143
2021-08-10,945.7152099609375,963.6347045898438,975.149169921875,957.0352783203125,960.8426513671875,11919198
2021-08-11,958.963134765625,977.1336059570312,978.379638671875,961.48876953125,967.7420654296875,9184963
2021-08-12,955.8833618164062,973.9954223632812,981.240966796875,971.4571533203125,980.6409912109375,8137612
2021-08-13,971.8032836914062,990.2171020507812,992.1785278320312,973.2800903320312,977.1336059570312,12780901
2021-08-16,984.4170532226562,1003.0698852539062,1016.6841430664062,982.140869140625,991.9246826171875,21935444
2021-08-17,980.2276000976562,998.801025390625,1008.4694213867188,991.232421875,1000.9239501953125,12658169
2021-08-18,984.0321044921875,1002.6776123046875,1009.2078247070312,993.424560546875,1003.3006591796875,10075860
2021-08-20,972.98095703125,991.4170532226562,1002.3776245117188,986.2251586914062,988.994140625,9426282
2021-08-23,979.3671264648438,997.9241943359375,1003.3006591796875,984.0560913085938,1003.3006591796875,9854395
2021-08-24,989.036865234375,1007.7772216796875,1011.607666015625,994.8090209960938,999.1702270507812,11864472
2021-08-25,997.5969848632812,1016.49951171875,1024.5296630859375,1006.1157836914062,1008.561767578125,13380559
2021-08-26,1010.210693359375,1029.352294921875,1036.02099609375,1017.6071166992188,1018.9916381835938,18589616
2021-08-27,1008.829345703125,1027.9447021484375,1035.02880859375,1022.7067260742188,1032.3751220703125,10480636
2021-08-30,1028.2369384765625,1047.719970703125,1050.304443359375,1032.2828369140625,1038.3746337890625,14027062
2021-08-31,1022.7565307617188,1042.1358642578125,1053.9501953125,1034.7979736328125,1050.7889404296875,26485463
2021-09-01,1026.8101806640625,1046.2662353515625,1058.1729736328125,1044.3741455078125,1048.9891357421875,11145486
2021-09-02,1039.1749267578125,1058.865234375,1065.04931640625,1040.68212890625,1040.68212890625,9956770
2021-09-03,1081.79443359375,1102.2923583984375,1105.2921142578125,1062.6033935546875,1066.0645751953125,30664428
2021-09-06,1098.5977783203125,1119.4140625,1144.5196533203125,1113.1375732421875,1113.59912109375,33641710
2021-09-07,1105.52734375,1126.4749755859375,1134.3665771484375,1113.1375732421875,1121.444580078125,17349882
2021-09-08,1101.2021484375,1122.067626953125,1132.5206298828125,1110.6685791015625,1131.59765625,14301651
2021-09-09,1098.5977783203125,1119.4140625,1125.0673828125,1115.02978515625,1120.4754638671875,8963249
2021-09-13,1074.117431640625,1094.469970703125,1122.8291015625,1092.854736328125,1122.8291015625,16311160
2021-09-14,1072.7135009765625,1093.039306640625,1104.83056640625,1091.9085693359375,1096.0621337890625,8908356
2021-09-15,1077.1746826171875,1097.5850830078125,1105.63818359375,1093.0623779296875,1093.0623779296875,9071075
2021-09-16,1099.775146484375,1120.6138916015625,1124.5596923828125,1092.3701171875,1099.0849609375,13448882
2021-09-17,1082.722900390625,1103.2384033203125,1133.3743896484375,1096.3389892578125,1128.82861328125,34882133
2021-09-20,1084.444091796875,1104.9921875,1116.068115234375,1093.754638671875,1094.7237548828125,11779819
2021-09-21,1089.1317138671875,1109.7686767578125,1115.260498046875,1100.215576171875,1109.9071044921875,9915736
2021-09-22,1100.8170166015625,1121.6754150390625,1126.9825439453125,1106.7919921875,1111.2916259765625,10995912
2021-09-23,1127.7203369140625,1149.0885009765625,1152.3651123046875,1128.597900390625,1129.4747314453125,15748397
2021-09-24,1124.4593505859375,1145.765625,1156.2647705078125,1140.82763671875,1155.387939453125,15192163
2021-09-27,1143.3685302734375,1165.033203125,1167.5484619140625,1142.3505859375,1147.7501220703125,15373834
2021-09-28,1154.0574951171875,1175.9246826171875,1183.700927734375,1159.65673828125,1169.4405517578125,18035258
2021-09-29,1144.9088134765625,1166.6024169921875,1186.0545654296875,1163.002685546875,1186.0545654296875,9719875
2021-09-30,1141.0133056640625,1162.6334228515625,1169.717529296875,1153.9111328125,1165.287109375,13590654
2021-10-01,1143.0289306640625,1164.6871337890625,1172.1173095703125,1151.442138671875,1154.6495361328125,8958928
2021-10-04,1157.7261962890625,1179.662841796875,1188.2928466796875,1170.84814453125,1178.2091064453125,10918552
2021-10-05,1181.75341796875,1204.1453857421875,1205.4376220703125,1175.6015625,1179.17822265625,13533634
2021-10-06,1159.4019775390625,1181.370361328125,1209.1064453125,1177.332275390625,1209.1064453125,10258881
2021-10-07,1165.0860595703125,1187.1622314453125,1199.32275390625,1184.9931640625,1197.592041015625,6336665
2021-10-08,1209.8568115234375,1232.781494140625,1238.8502197265625,1191.36181640625,1193.0924072265625,15772493
2021-10-11,1201.4326171875,1224.197509765625,1255.279541015625,1220.82861328125,1246.6956787109375,14768666
2021-10-12,1208.29443359375,1231.189208984375,1238.2041015625,1218.9364013671875,1220.6671142578125,6682011
2021-10-13,1220.5911865234375,1243.718994140625,1255.048828125,1231.8814697265625,1236.3580322265625,9959762
2021-10-14,1223.0594482421875,1246.234130859375,1254.102783203125,1240.142333984375,1246.2110595703125,8623469
2021-10-18,1226.320556640625,1249.5570068359375,1266.8170166015625,1228.6510009765625,1231.5584716796875,13594479
2021-10-19,1237.3037109375,1260.748291015625,1269.74755859375,1249.7415771484375,1257.033203125,8833409
2021-10-20,1223.0594482421875,1246.234130859375,1265.7786865234375,1242.1268310546875,1265.7786865234375,12710570
2021-10-21,1187.7772216796875,1210.2833251953125,1258.9715576171875,1201.3763427734375,1258.6947021484375,20831669
2021-10-22,1189.9964599609375,1212.544677734375,1229.8509521484375,1205.206787109375,1209.1295166015625,11027475
2021-10-25,1178.4019775390625,1200.730224609375,1236.819580078125,1186.0545654296875,1236.819580078125,17198417
2021-10-26,1205.2371826171875,1228.0740966796875,1231.6968994140625,1201.353271484375,1207.791259765625,9750178
2021-10-27,1189.9964599609375,1212.544677734375,1235.3427734375,1209.1064453125,1223.8975830078125,9896298
2021-10-28,1176.9525146484375,1199.25341796875,1217.4134521484375,1195.515380859375,1209.1295166015625,9886181
2021-10-29,1148.713134765625,1170.47900390625,1198.122802734375,1154.5341796875,1198.122802734375,14233025
2021-11-01,1149.4150390625,1171.1943359375,1179.5936279296875,1151.0267333984375,1170.47900390625,15481114
2021-11-02,1132.656982421875,1154.1187744140625,1175.901611328125,1151.5574951171875,1174.51708984375,10569130
2021-11-03,1124.8670654296875,1146.1810302734375,1162.9796142578125,1135.7510986328125,1156.5416259765625,11989430
2021-11-04,1131.77392578125,1153.2188720703125,1156.010986328125,1149.1346435546875,1150.4959716796875,1705656
2021-11-08,1133.177978515625,1154.6495361328125,1162.9796142578125,1133.628173828125,1162.70263671875,20337183
2021-11-09,1142.1231689453125,1163.76416015625,1167.0869140625,1147.773193359375,1156.05712890625,15682497
2021-11-10,1154.8955078125,1176.7784423828125,1180.5166015625,1155.43408203125,1161.4566650390625,10253470
2021-11-11,1157.00146484375,1178.9244384765625,1186.2852783203125,1170.1558837890625,1172.232666015625,10722478
2021-11-12,1174.46142578125,1196.7152099609375,1199.32275390625,1180.0550537109375,1182.7779541015625,8712341
2021-11-15,1167.53173828125,1189.654296875,1200.9149169921875,1186.0545654296875,1199.8995361328125,4803269
2021-11-16,1140.4019775390625,1162.010498046875,1188.362060546875,1151.442138671875,1187.0006103515625,11337581
2021-11-17,1115.9898681640625,1137.1356201171875,1153.2650146484375,1135.7510986328125,1153.2650146484375,10202029
2021-11-18,1120.201904296875,1141.427490234375,1148.673095703125,1130.6976318359375,1135.28955078125,8505625
2021-11-22,1070.5848388671875,1090.8702392578125,1130.213134765625,1084.986083984375,1124.259765625,24124307
2021-11-23,1080.5941162109375,1101.0693359375,1108.176513671875,1065.6031494140625,1076.7021484375,25326999
2021-11-24,1064.9912109375,1085.1707763671875,1112.16845703125,1081.5479736328125,1098.36962890625,16820296
2021-11-25,1129.1016845703125,1150.4959716796875,1154.672607421875,1087.8243408203125,1095.13916015625,42401936
2021-11-26,1092.709716796875,1113.41455078125,1143.4119873046875,1108.2918701171875,1138.8892822265625,15763138
2021-11-29,1105.7991943359375,1126.7518310546875,1153.7496337890625,1107.1842041015625,1125.644287109375,24325354
2021-11-30,1089.44873046875,1110.0916748046875,1142.62744140625,1102.453857421875,1138.9815673828125,32172299
2021-12-01,1117.348388671875,1138.5201416015625,1141.7506103515625,1119.1832275390625,1122.8291015625,10104610
2021-12-02,1124.52734375,1145.8348388671875,1151.995849609375,1136.0279541015625,1139.76611328125,12720411
2021-12-03,1090.739501953125,1111.406982421875,1153.057373046875,1107.599609375,1153.01123046875,19222481
2021-12-06,1070.0638427734375,1090.3394775390625,1119.1370849609375,1087.8243408203125,1114.983642578125,10332254
2021-12-07,1078.782470703125,1099.223388671875,1109.445556640625,1089.1396484375,1096.5928955078125,11235122
2021-12-08,1095.2008056640625,1115.9527587890625,1122.2752685546875,1110.507080078125,1118.7218017578125,8744178
2021-12-09,1112.5701904296875,1133.6512451171875,1142.1658935546875,1119.1370849609375,1123.7520751953125,13213547
2021-12-10,1113.7025146484375,1134.8050537109375,1138.05859375,1121.6060791015625,1126.1749267578125,8364414
2021-12-13,1091.37353515625,1112.0531005859375,1141.7967529296875,1109.445556640625,1141.5198974609375,12901733
2021-12-14,1078.0125732421875,1098.4388427734375,1110.36865234375,1095.32373046875,1098.36962890625,12991523
2021-12-15,1074.86474609375,1095.2314453125,1109.9071044921875,1089.647216796875,1100.215576171875,9366969
2021-12-16,1088.769287109375,1109.3994140625,1114.7528076171875,1093.131591796875,1110.2301025390625,9761279
2021-12-17,1060.0316162109375,1080.1173095703125,1111.2916259765625,1070.6795654296875,1106.69970703125,21049821
2021-12-20,1031.45263671875,1050.9967041015625,1069.6873779296875,1037.0362548828125,1069.6873779296875,14325846
2021-12-21,1046.8065185546875,1066.6414794921875,1082.6785888671875,1057.8499755859375,1066.6876220703125,12836561
2021-12-22,1071.6490478515625,1091.9547119140625,1094.6314697265625,1071.6026611328125,1072.94091796875,17658543
2021-12-23,1071.2642822265625,1091.5625,1098.36962890625,1088.23974609375,1095.6005859375,9072401
2021-12-24,1074.68359375,1095.046875,1103.9075927734375,1078.7789306640625,1093.754638671875,7886494
2021-12-27,1073.5286865234375,1093.8699951171875,1097.4466552734375,1083.6478271484375,1089.85498046875,4017223
2021-12-28,1086.2783203125,1106.8612060546875,1109.837890625,1095.1622314453125,1096.3389892578125,6374613
2021-12-29,1088.1353759765625,1108.75341796875,1116.3681640625,1099.3387451171875,1103.4461669921875,15425312
2021-12-30,1068.478759765625,1088.7242431640625,1109.884033203125,1082.4940185546875,1107.599609375,29333171
2021-12-31,1072.5775146484375,1092.90087890625,1100.16943359375,1089.1396484375,1095.13916015625,9477290
2022-01-03,1088.7467041015625,1109.3763427734375,1111.2685546875,1090.7779541015625,1091.4471435546875,5421611
2022-01-04,1113.3175048828125,1134.4127197265625,1135.7510986328125,1109.445556640625,1114.9375,10847728
2022-01-05,1118.5260009765625,1139.719970703125,1143.1351318359375,1122.8060302734375,1136.212646484375,11643813
2022-01-06,1094.47607421875,1115.21435546875,1132.5206298828125,1111.7530517578125,1131.2283935546875,14447422
2022-01-07,1103.30810546875,1124.213623046875,1134.3896484375,1112.929931640625,1121.883056640625,13112115
2022-01-10,1104.2138671875,1125.1365966796875,1133.9051513671875,1115.0067138671875,1131.59765625,9246731
2022-01-11,1112.16259765625,1133.2359619140625,1142.18896484375,1123.7520751953125,1124.213623046875,16205164
2022-01-12,1141.851318359375,1163.4871826171875,1165.2640380859375,1137.5970458984375,1140.5045166015625,14800442
2022-01-13,1148.2828369140625,1170.04052734375,1172.671142578125,1157.626220703125,1163.5565185546875,11856712
2022-01-14,1149.958740234375,1171.748046875,1184.8084716796875,1165.6793212890625,1169.902099609375,19930176
2022-01-17,1155.959716796875,1177.8629150390625,1183.7470703125,1170.8250732421875,1171.28662109375,8036453
2022-01-18,1142.1683349609375,1163.810302734375,1182.5240478515625,1161.0181884765625,1179.0167236328125,6215029
2022-01-19,1142.0777587890625,1163.718017578125,1173.132568359375,1157.903076171875,1167.5946044921875,9755485
2022-01-20,1122.0814208984375,1143.3427734375,1158.341552734375,1132.9820556640625,1153.772705078125,16494486
2022-01-21,1122.2625732421875,1143.52734375,1154.7879638671875,1131.59765625,1131.59765625,13338594
2022-01-24,1076.9935302734375,1097.4005126953125,1155.9417724609375,1086.8782958984375,1142.2120361328125,21868937
2022-01-25,1074.8875732421875,1095.2545166015625,1102.361572265625,1063.757080078125,1084.31689453125,24510205
2022-01-27,1058.96728515625,1079.03271484375,1087.3397216796875,1066.5491943359375,1078.0635986328125,20020431
2022-01-28,1057.9482421875,1077.994384765625,1096.4774169921875,1074.5562744140625,1091.4471435546875,14667727
2022-01-31,1080.933837890625,1101.41552734375,1110.55322265625,1087.3858642578125,1089.23193359375,12143683
2022-02-01,1077.35595703125,1097.7696533203125,1117.1064453125,1083.186279296875,1111.2916259765625,13200509
2022-02-02,1079.552490234375,1100.0079345703125,1110.830078125,1096.1082763671875,1110.830078125,10017691
2022-02-03,1065.6025390625,1085.793701171875,1108.268798828125,1083.232421875,1103.9075927734375,9572839
2022-02-04,1055.887451171875,1075.89453125,1083.809326171875,1071.187255859375,1080.37109375,11061241
2022-02-07,1049.4561767578125,1069.34130859375,1087.662841796875,1063.757080078125,1080.8326416015625,10714467
2022-02-08,1067.0972900390625,1087.316650390625,1089.1396484375,1066.0645751953125,1075.5946044921875,12060849
2022-02-09,1079.52978515625,1099.98486328125,1101.6923828125,1088.2166748046875,1094.2852783203125,11486225
2022-02-10,1078.4202880859375,1098.854248046875,1105.6151123046875,1091.4932861328125,1105.6151123046875,12464491
2022-02-11,1076.3143310546875,1096.708251953125,1100.4464111328125,1081.8017578125,1095.2545166015625,15943370
2022-02-14,1059.171142578125,1079.240478515625,1086.80908203125,1067.4490966796875,1080.0250244140625,10719633
2022-02-15,1095.1329345703125,1115.883544921875,1118.6295166015625,1077.9251708984375,1085.078369140625,11212671
2022-02-16,1092.8682861328125,1113.5760498046875,1122.8291015625,1105.7305908203125,1121.444580078125,10392840
2022-02-17,1106.704833984375,1127.6748046875,1132.9359130859375,1112.214599609375,1116.875732421875,12853252
2022-02-18,1098.0543212890625,1118.8602294921875,1133.628173828125,1116.8988037109375,1128.0902099609375,6775458
2022-02-21,1086.957763671875,1107.553466796875,1124.9058837890625,1100.4925537109375,1113.1375732421875,11107193
2022-02-22,1082.0208740234375,1102.5230712890625,1105.70751953125,1083.2093505859375,1085.8629150390625,13494914
2022-02-23,1075.2498779296875,1095.6236572265625,1110.6224365234375,1092.8316650390625,1108.1072998046875,7310110
2022-02-24,1021.66943359375,1041.0281982421875,1079.863525390625,1035.3287353515625,1063.757080078125,24846650
2022-02-25,1034.44189453125,1054.0426025390625,1065.1185302734375,1050.489013671875,1052.2657470703125,14570089
2022-02-28,1068.682373046875,1088.931884765625,1092.5316162109375,1035.1441650390625,1035.1441650390625,21297446
2022-03-02,1086.3463134765625,1106.930419921875,1108.0611572265625,1074.9254150390625,1077.3482666015625,21471786
2022-03-03,1077.1746826171875,1097.5850830078125,1114.452880859375,1093.7777099609375,1107.599609375,10186748
2022-03-04,1053.2833251953125,1073.240966796875,1091.1240234375,1070.8411865234375,1085.9090576171875,10805667
2022-03-07,1014.3324584960938,1033.552001953125,1067.0338134765625,1025.45263671875,1051.61962890625,17983310
2022-03-08,1012.4979248046875,1031.682861328125,1036.5286865234375,1006.0696411132812,1020.6068725585938,21289374
2022-03-09,1066.214111328125,1086.416748046875,1092.3701171875,1031.059814453125,1031.9136962890625,20414228
2022-03-10,1083.4927978515625,1104.02294921875,1109.9071044921875,1089.1396484375,1107.599609375,17980493
2022-03-11,1086.617919921875,1107.207275390625,1112.6761474609375,1096.546630859375,1096.546630859375,12257423
2022-03-14,1095.540283203125,1116.298828125,1118.8602294921875,1095.6005859375,1101.553955078125,8340678
2022-03-15,1070.4488525390625,1090.7318115234375,1120.49853515625,1080.3018798828125,1120.49853515625,15925769
2022-03-16,1088.5203857421875,1109.1456298828125,1111.2454833984375,1097.03125,1099.2926025390625,11149828
2022-03-17,1124.0064697265625,1145.30419921875,1152.5496826171875,1114.5682373046875,1122.7137451171875,21422098
2022-03-21,1117.529541015625,1138.7047119140625,1146.3656005859375,1125.59814453125,1127.9056396484375,11999466
2022-03-22,1146.4031982421875,1168.1253662109375,1169.8790283203125,1132.3360595703125,1135.335693359375,22557065
2022-03-23,1150.049072265625,1171.84033203125,1183.6778564453125,1164.3641357421875,1164.3641357421875,15462187
2022-03-24,1167.916748046875,1190.0465087890625,1192.5848388671875,1158.3646240234375,1158.3646240234375,13168266
2022-03-25,1175.7069091796875,1197.984375,1207.2835693359375,1189.2850341796875,1191.8233642578125,14222488
2022-03-28,1187.5281982421875,1210.029541015625,1213.629150390625,1193.6693115234375,1204.5145263671875,9891424
2022-03-29,1187.7998046875,1210.306396484375,1217.4365234375,1203.314697265625,1217.4365234375,8684065
2022-03-30,1210.6270751953125,1233.5660400390625,1240.5115966796875,1207.791259765625,1218.3134765625,15811550
2022-03-31,1193.3255615234375,1215.9366455078125,1232.066162109375,1213.0985107421875,1229.8740234375,13223718
2022-04-01,1202.8819580078125,1225.67431640625,1229.96630859375,1210.0526123046875,1216.5135498046875,7922880
2022-04-04,1206.4375,1229.297119140625,1234.5120849609375,1219.12109375,1225.48974609375,7929162
2022-04-05,1189.3851318359375,1211.921630859375,1232.158447265625,1209.45263671875,1223.482177734375,13149870
2022-04-06,1186.2147216796875,1208.691162109375,1215.8212890625,1193.9462890625,1193.9462890625,12257215
2022-04-07,1165.2899169921875,1187.369873046875,1202.6685791015625,1184.6700439453125,1197.63818359375,15496499
2022-04-08,1184.6748046875,1207.1220703125,1211.4371337890625,1181.4395751953125,1181.4395751953125,15152495
2022-04-11,1182.20654296875,1204.60693359375,1217.6904296875,1192.0540771484375,1199.8995361328125,9254209
2022-04-12,1159.945556640625,1181.9241943359375,1201.0994873046875,1179.316650390625,1193.9000244140625,13217742
2022-04-13,1155.68798828125,1177.5860595703125,1196.4844970703125,1174.747802734375,1188.13134765625,10354235
2022-04-18,1152.1551513671875,1173.986328125,1181.3472900390625,1163.810302734375,1168.9791259765625,9974224
2022-04-19,1196.0655517578125,1218.728759765625,1231.2816162109375,1177.3092041015625,1180.5166015625,26141820
2022-04-20,1231.2347412109375,1254.564208984375,1261.7406005859375,1222.5592041015625,1226.251220703125,25072240
2022-04-21,1260.06298828125,1283.938720703125,1287.123046875,1260.8175048828125,1269.5399169921875,21708633
2022-04-22,1249.510009765625,1273.185791015625,1293.12255859375,1266.4478759765625,1273.23193359375,15054154
2022-04-25,1220.61376953125,1243.7420654296875,1273.0010986328125,1229.2740478515625,1265.6171875,17063215
2022-04-26,1257.1416015625,1280.9620361328125,1289.89208984375,1249.6031494140625,1250.66455078125,12227666
2022-04-27,1258.364501953125,1282.2081298828125,1305.12158203125,1271.455078125,1271.8243408203125,19338945
2022-04-28,1277.16064453125,1301.3603515625,1315.736083984375,1285.78466796875,1296.79150390625,25614076
2022-04-29,1263.7542724609375,1287.699951171875,1318.11279296875,1281.7235107421875,1318.11279296875,18214862
2022-05-02,1259.3155517578125,1283.17724609375,1294.73779296875,1272.839599609375,1274.66259765625,9467006
2022-05-04,1220.0023193359375,1243.1190185546875,1287.5845947265625,1235.112060546875,1285.277099609375,19247660
2022-05-05,1196.1109619140625,1218.77490234375,1259.89453125,1214.6676025390625,1256.894775390625,17210669
2022-05-06,1186.939453125,1209.4295654296875,1227.1280517578125,1196.9228515625,1205.5299072265625,19649948
2022-05-09,1140.583251953125,1162.195068359375,1198.561279296875,1156.9801025390625,1188.3389892578125,18083752
2022-05-10,1120.813232421875,1142.050537109375,1166.0255126953125,1134.3665771484375,1151.442138671875,19511677
2022-05-11,1109.3319091796875,1130.3515625,1146.8040771484375,1117.7294921875,1141.1275634765625,16643899
2022-05-12,1086.7313232421875,1107.32275390625,1123.682861328125,1093.754638671875,1120.2908935546875,20490321
2022-05-13,1099.050537109375,1119.87548828125,1143.5965576171875,1114.68359375,1119.5986328125,19308778
2022-05-16,1099.3223876953125,1120.1524658203125,1144.9810791015625,1115.2835693359375,1123.498291015625,13437911
2022-05-17,1145.497314453125,1167.2022705078125,1172.1634521484375,1122.3675537109375,1123.7982177734375,16551828
2022-05-18,1149.6640625,1171.4481201171875,1186.0545654296875,1157.5570068359375,1172.048095703125,17276788
2022-05-19,1123.16845703125,1144.4503173828125,1159.518310546875,1138.0816650390625,1146.3656005859375,14699118
2022-05-20,1188.660400390625,1211.1832275390625,1220.39013671875,1154.672607421875,1159.518310546875,21793091
2022-05-23,1180.7117919921875,1203.083984375,1224.6129150390625,1196.6690673828125,1214.436767578125,15252755
2022-05-24,1184.7652587890625,1207.21435546875,1217.4365234375,1198.838134765625,1203.130126953125,13527818
2022-05-25,1183.0216064453125,1205.4376220703125,1226.066650390625,1200.591796875,1216.0521240234375,12714544
2022-05-26,1171.7440185546875,1193.9462890625,1216.0059814453125,1175.901611328125,1211.16015625,17882023
2022-05-27,1166.308837890625,1188.408203125,1202.2762451171875,1172.2557373046875,1196.692138671875,16521973
2022-05-30,1206.935791015625,1229.8048095703125,1234.050537109375,1197.222900390625,1206.822021484375,13853398
2022-05-31,1192.374267578125,1214.967529296875,1236.2657470703125,1207.1451416015625,1219.005615234375,70620653
2022-06-01,1192.75927734375,1215.35986328125,1225.3743896484375,1207.3758544921875,1215.72900390625,9776989
2022-06-02,1233.8841552734375,1257.2640380859375,1261.0252685546875,1215.590576171875,1215.590576171875,22126569
2022-06-03,1258.8853759765625,1282.73876953125,1300.20654296875,1265.4324951171875,1266.3555908203125,23939791
2022-06-06,1253.4730224609375,1277.223876953125,1298.6605224609375,1269.9552001953125,1282.9696044921875,11093152
2022-06-07,1255.8280029296875,1279.6236572265625,1288.0921630859375,1270.0706787109375,1278.308349609375,12358255
2022-06-08,1233.77099609375,1257.148681640625,1283.4310302734375,1253.572021484375,1279.6236572265625,12479250
2022-06-09,1267.60400390625,1291.6226806640625,1293.583984375,1250.66455078125,1250.66455078125,17278305
2022-06-10,1229.33251953125,1252.6259765625,1287.5384521484375,1246.7418212890625,1279.2314453125,18093057
2022-06-13,1206.0750732421875,1228.9278564453125,1233.4967041015625,1207.4219970703125,1222.974609375,17620803
2022-06-14,1190.3135986328125,1212.86767578125,1233.058349609375,1206.106689453125,1222.9976806640625,14714312
2022-06-15,1175.9110107421875,1198.1920166015625,1217.113525390625,1192.7001953125,1207.9989013671875,11195535
2022-06-16,1159.4697265625,1181.4395751953125,1227.151123046875,1178.6705322265625,1210.5140380859375,17111475
2022-06-17,1173.0572509765625,1195.2845458984375,1211.3677978515625,1179.6397705078125,1181.4395751953125,24457187
2022-06-20,1151.7928466796875,1173.6171875,1207.791259765625,1163.4871826171875,1202.20703125,12066797
2022-06-21,1170.38525390625,1192.561767578125,1196.8536376953125,1166.81005859375,1181.4395751953125,11720049
2022-06-22,1134.8310546875,1156.333984375,1180.655029296875,1154.2110595703125,1180.562744140625,10617206
2022-06-23,1116.419921875,1137.573974609375,1165.287109375,1128.3670654296875,1160.6951904296875,19446323
2022-06-24,1132.3175048828125,1153.772705078125,1158.8260498046875,1138.9815673828125,1144.5196533203125,14240234
2022-06-27,1128.9658203125,1150.3575439453125,1174.4940185546875,1145.23486328125,1174.4940185546875,15474529
2022-06-28,1144.840576171875,1166.5330810546875,1169.41748046875,1145.48876953125,1145.48876953125,13572847
2022-06-29,1168.59619140625,1190.73876953125,1198.51513671875,1154.2110595703125,1157.0723876953125,19205146
2022-06-30,1175.616455078125,1197.89208984375,1207.2374267578125,1184.2086181640625,1190.6695556640625,23112959
2022-07-01,1090.943359375,1111.6146240234375,1196.20751953125,1091.4471435546875,1188.31591796875,81997149
2022-07-04,1093.2080078125,1113.922119140625,1126.9825439453125,1091.9547119140625,1097.885009765625,41857728
2022-07-05,1102.0625,1122.9444580078125,1137.5509033203125,1115.4912109375,1118.214111328125,17647327
2022-07-06,1092.3699951171875,1113.068359375,1126.95947265625,1102.0616455078125,1116.875732421875,23943726
2022-07-07,1081.61328125,1102.1077880859375,1122.9444580078125,1096.0621337890625,1119.552490234375,23301033
2022-07-08,1083.1080322265625,1103.6307373046875,1115.9066162109375,1099.54638671875,1115.9066162109375,19010108
2022-07-11,1097.82763671875,1118.6295166015625,1120.8907470703125,1093.754638671875,1096.75439453125,13847467
2022-07-12,1096.26513671875,1117.0372314453125,1125.921142578125,1109.445556640625,1109.445556640625,10778989
2022-07-13,1076.8350830078125,1097.2388916015625,1123.2906494140625,1095.13916015625,1120.1986083984375,14224132
2022-07-14,1085.7122802734375,1106.2843017578125,1123.267578125,1096.9620361328125,1102.0616455078125,16970315
2022-07-15,1087.8182373046875,1108.4302978515625,1114.5220947265625,1099.80029296875,1114.5220947265625,9603210
2022-07-18,1097.08056640625,1117.8680419921875,1119.1370849609375,1104.0460205078125,1117.2911376953125,15160908
2022-07-19,1103.8062744140625,1124.7213134765625,1129.2901611328125,1107.738037109375,1107.738037109375,16439888
2022-07-20,1133.653564453125,1155.134033203125,1173.36328125,1147.4039306640625,1172.2095947265625,23924246
2022-07-21,1126.0897216796875,1147.427001953125,1153.7496337890625,1138.6585693359375,1150.9805908203125,16523230
2022-07-22,1133.6988525390625,1155.1802978515625,1161.2720947265625,1151.442138671875,1153.7496337890625,10969995
2022-07-25,1096.242431640625,1117.01416015625,1138.727783203125,1108.984130859375,1138.727783203125,23110452
2022-07-26,1096.7408447265625,1117.5218505859375,1127.8594970703125,1112.837646484375,1117.3372802734375,11303288
2022-07-27,1095.6990966796875,1116.46044921875,1120.06005859375,1108.5225830078125,1116.8065185546875,8655086
2022-07-28,1112.8646240234375,1133.9512939453125,1138.95849609375,1117.2911376953125,1124.213623046875,12496073
2022-07-29,1136.5748291015625,1158.1107177734375,1161.6412353515625,1137.1356201171875,1142.0736083984375,15130683
2022-08-01,1166.19580078125,1188.2928466796875,1194.2462158203125,1157.2569580078125,1162.5872802734375,15700044
2022-08-02,1170.63427734375,1192.8155517578125,1203.499267578125,1182.1549072265625,1187.2083740234375,13917913
2022-08-03,1180.462646484375,1202.830078125,1204.5145263671875,1184.8778076171875,1199.8995361328125,14250977
2022-08-04,1164.8594970703125,1186.931396484375,1208.0911865234375,1169.902099609375,1204.5145263671875,14467127
2022-08-05,1147.694091796875,1169.4405517578125,1190.11572265625,1166.18701171875,1188.8236083984375,13942438
2022-08-08,1162.708251953125,1184.7392578125,1192.307861328125,1168.0560302734375,1168.0560302734375,10165178
2022-08-10,1169.66064453125,1191.8233642578125,1195.2384033203125,1180.078125,1189.2388916015625,10724688
2022-08-11,1173.5556640625,1195.792236328125,1204.4683837890625,1190.7618408203125,1201.3302001953125,8198226
2022-08-12,1192.5328369140625,1215.1290283203125,1218.9825439453125,1191.6849365234375,1195.4229736328125,12650587
2022-08-16,1200.8212890625,1223.574462890625,1226.343505859375,1212.49853515625,1221.2208251953125,6607378
2022-08-17,1207.09423828125,1229.96630859375,1235.388916015625,1225.535888671875,1229.8970947265625,6595965
2022-08-18,1209.2833251953125,1228.1895751953125,1231.7430419921875,1218.451904296875,1227.589599609375,7410035
2022-08-19,1187.72216796875,1206.2913818359375,1228.3741455078125,1202.1839599609375,1222.974609375,9460724
2022-08-22,1184.4276123046875,1202.9454345703125,1214.344482421875,1193.4385986328125,1207.7451171875,9471680
2022-08-23,1202.694580078125,1221.497802734375,1224.451416015625,1195.9075927734375,1197.130615234375,9678484
2022-08-24,1199.4908447265625,1218.244140625,1232.20458984375,1216.213623046875,1218.40576171875,10369622
2022-08-25,1195.9921875,1214.690673828125,1228.9278564453125,1210.3294677734375,1222.489990234375,7871946
2022-08-26,1189.6077880859375,1208.20654296875,1222.974609375,1203.130126953125,1215.1290283203125,10742038
2022-08-29,1180.36083984375,1198.8150634765625,1225.2821044921875,1189.7696533203125,1192.97705078125,19838975
2022-08-30,1198.6729736328125,1217.4134521484375,1220.782470703125,1189.1004638671875,1206.360595703125,23139054
2022-09-01,1163.4346923828125,1181.6241455078125,1202.1839599609375,1177.1475830078125,1191.892578125,19909939
2022-09-02,1149.84814453125,1167.8253173828125,1188.5235595703125,1165.610107421875,1181.6241455078125,12999345
2022-09-05,1167.7060546875,1185.9622802734375,1191.36181640625,1168.0560302734375,1168.0560302734375,11327815
2022-09-06,1179.997314453125,1198.44580078125,1202.6685791015625,1186.9775390625,1187.4390869140625,10899618
2022-09-07,1173.1361083984375,1191.4771728515625,1197.5458984375,1186.0545654296875,1188.362060546875,7488501
2022-09-08,1174.79443359375,1193.16162109375,1198.9765625,1186.51611328125,1194.4769287109375,7057077
2022-09-09,1167.478759765625,1185.7315673828125,1204.5145263671875,1183.2855224609375,1204.5145263671875,8314850
2022-09-12,1180.542724609375,1198.9996337890625,1205.4376220703125,1186.308349609375,1186.308349609375,7435419
2022-09-13,1190.403076171875,1209.01416015625,1213.6060791015625,1200.361083984375,1208.20654296875,8888657
2022-09-14,1176.135009765625,1194.5230712890625,1204.5145263671875,1187.32373046875,1188.362060546875,8678219
2022-09-15,1164.4798583984375,1182.6856689453125,1201.537841796875,1179.939697265625,1192.0540771484375,10365600
2022-09-16,1135.6256103515625,1153.38037109375,1178.2091064453125,1149.5960693359375,1173.940185546875,20217708
2022-09-19,1137.1025390625,1154.8802490234375,1164.2255859375,1145.142578125,1153.38037109375,7580254
2022-09-20,1137.2841796875,1155.0648193359375,1171.148193359375,1151.3035888671875,1164.1102294921875,8411448
2022-09-21,1140.419677734375,1158.249267578125,1168.9791259765625,1151.442138671875,1152.249755859375,9207309
2022-09-22,1129.673095703125,1147.334716796875,1155.134033203125,1140.873779296875,1147.28857421875,10308170
2022-09-23,1108.498291015625,1125.828857421875,1151.8804931640625,1124.259765625,1146.8271484375,9528051
2022-09-26,1080.257568359375,1097.1466064453125,1115.8143310546875,1096.13134765625,1104.8536376953125,12479523
2022-09-27,1088.8455810546875,1105.8690185546875,1119.5986328125,1089.185791015625,1104.83056640625,16154822
2022-09-28,1059.8551025390625,1076.42529296875,1097.4466552734375,1073.956298828125,1089.3011474609375,16997059
2022-09-29,1056.6063232421875,1073.1256103515625,1092.600830078125,1067.4490966796875,1089.1396484375,14671827
2022-09-30,1080.439208984375,1097.331298828125,1108.5225830078125,1066.526123046875,1066.526123046875,18613024
2022-10-03,1076.6905517578125,1093.52392578125,1115.4219970703125,1090.524169921875,1103.6768798828125,11852723
2022-10-04,1096.5474853515625,1113.69140625,1115.9066162109375,1103.0538330078125,1106.5843505859375,8948850
2022-10-06,1100.591796875,1117.7987060546875,1130.674560546875,1115.975830078125,1120.983154296875,13352162
2022-10-07,1105.2493896484375,1122.5291748046875,1127.8594970703125,1114.360595703125,1114.360595703125,7714340
2022-10-10,1093.1851806640625,1110.2763671875,1115.7220458984375,1102.0616455078125,1109.9071044921875,6329527
2022-10-11,1071.41943359375,1088.17041015625,1114.060546875,1085.0322265625,1114.060546875,9215177
2022-10-12,1079.3033447265625,1096.177490234375,1099.1541748046875,1081.3402099609375,1085.4476318359375,7417103
2022-10-13,1082.7340087890625,1099.661865234375,1104.83056640625,1089.185791015625,1094.4007568359375,7328492
2022-10-14,1077.2357177734375,1094.07763671875,1115.1451416015625,1093.3392333984375,1114.5220947265625,9106089
2022-10-17,1094.525634765625,1111.6376953125,1114.060546875,1081.571044921875,1086.8321533203125,16729355
2022-10-18,1113.83740234375,1131.25146484375,1136.674072265625,1116.8988037109375,1117.7525634765625,12415820
2022-10-19,1133.21728515625,1150.9344482421875,1166.6024169921875,1126.8441162109375,1132.7513427734375,19247142
2022-10-20,1136.2618408203125,1154.0264892578125,1162.51806640625,1146.8271484375,1146.8271484375,8717053
2022-10-21,1123.084228515625,1140.6429443359375,1161.5028076171875,1138.5201416015625,1157.3031005859375,8243452
2022-10-24,1126.8331298828125,1144.4503173828125,1154.9033203125,1133.12060546875,1135.28955078125,3370033
2022-10-25,1109.4296875,1126.77490234375,1153.2880859375,1125.1365966796875,1153.2880859375,12233241
2022-10-27,1113.7918701171875,1131.205322265625,1139.1893310546875,1122.73681640625,1134.3665771484375,12513059
2022-10-28,1147.87158203125,1165.81787109375,1169.902099609375,1135.0357666015625,1137.5970458984375,17609592
2022-10-31,1158.5272216796875,1176.6400146484375,1181.8780517578125,1168.60986328125,1172.671142578125,12419943
2022-11-01,1149.5528564453125,1167.525390625,1199.8995361328125,1157.441650390625,1199.8995361328125,13963166
2022-11-02,1156.7322998046875,1174.8170166015625,1176.9168701171875,1160.672119140625,1168.656005859375,8981896
2022-11-03,1161.0491943359375,1179.2012939453125,1181.23193359375,1165.3101806640625,1167.525390625,6693449
2022-11-04,1178.1343994140625,1196.5537109375,1199.8995361328125,1177.332275390625,1178.6243896484375,12575815
2022-11-07,1184.4276123046875,1202.9454345703125,1204.653076171875,1187.900634765625,1195.74609375,11789748
2022-11-09,1183.2464599609375,1201.74560546875,1210.029541015625,1195.3076171875,1204.653076171875,11254205
2022-11-10,1168.9329833984375,1187.2083740234375,1198.307373046875,1182.8240966796875,1195.2845458984375,5966242
2022-11-11,1195.878662109375,1214.5753173828125,1216.5135498046875,1194.361572265625,1199.8995361328125,12310132
2022-11-14,1190.0850830078125,1208.691162109375,1219.2825927734375,1202.2762451171875,1214.0906982421875,9043112
2022-11-15,1184.7459716796875,1203.2685546875,1212.0831298828125,1195.2845458984375,1210.1910400390625,7086433
2022-11-16,1177.9527587890625,1196.369140625,1207.260498046875,1191.2926025390625,1204.5145263671875,9716161
2022-11-17,1180.997314453125,1199.461181640625,1205.8990478515625,1190.6695556640625,1192.9539794921875,6661451
2022-11-18,1180.36083984375,1198.8150634765625,1204.0531005859375,1186.562255859375,1203.0146484375,5303197
2022-11-21,1159.1180419921875,1177.239990234375,1194.361572265625,1173.6402587890625,1194.361572265625,6390268
2022-11-22,1165.547607421875,1183.7701416015625,1185.3623046875,1170.5943603515625,1174.51708984375,6611488
2022-11-23,1161.9124755859375,1180.078125,1189.700439453125,1177.8629150390625,1188.362060546875,6413408
2022-11-24,1171.931884765625,1190.2542724609375,1197.130615234375,1175.993896484375,1184.2086181640625,9389439
2022-11-25,1189.4261474609375,1208.02197265625,1211.390869140625,1191.638671875,1194.8231201171875,7349922
2022-11-28,1230.299072265625,1249.533935546875,1255.76416015625,1154.672607421875,1204.0069580078125,31527484
2022-11-29,1232.411865234375,1251.6798095703125,1260.656005859375,1243.280517578125,1247.8724365234375,11058913
2022-11-30,1241.1136474609375,1260.517578125,1267.0247802734375,1245.2188720703125,1251.818359375,26164986
2022-12-01,1237.455810546875,1256.802490234375,1271.4320068359375,1253.43359375,1265.3402099609375,9485801
2022-12-02,1236.9332275390625,1256.271728515625,1268.2015380859375,1246.326416015625,1259.89453125,11589592
2022-12-05,1218.8936767578125,1237.9501953125,1253.7796630859375,1235.8966064453125,1251.5875244140625,14828536
2022-12-06,1222.415283203125,1241.52685546875,1244.6650390625,1228.051025390625,1229.9432373046875,8594245
2022-12-07,1204.3758544921875,1223.205322265625,1243.7420654296875,1219.351806640625,1239.1270751953125,8462111
2022-12-08,1203.8077392578125,1222.62841796875,1229.8970947265625,1218.40576171875,1227.589599609375,7757008
2022-12-09,1185.5638427734375,1204.0992431640625,1227.589599609375,1200.7532958984375,1221.1285400390625,12655763
2022-12-12,1187.38134765625,1205.9451904296875,1210.5140380859375,1192.97705078125,1193.2078857421875,9479842
2022-12-13,1192.78857421875,1211.4371337890625,1215.1290283203125,1202.9915771484375,1205.9451904296875,8333348
2022-12-14,1188.471923828125,1207.0528564453125,1217.875,1204.97607421875,1217.2750244140625,7268947
2022-12-15,1171.591064453125,1189.9080810546875,1206.822021484375,1186.51611328125,1201.0533447265625,8688551
2022-12-16,1165.7974853515625,1184.02392578125,1208.5758056640625,1180.5858154296875,1186.51611328125,15837349
2022-12-19,1181.110595703125,1199.5765380859375,1201.74560546875,1184.5316162109375,1191.131103515625,7729933
2022-12-20,1191.3345947265625,1209.9603271484375,1211.8985595703125,1184.2086181640625,1192.469482421875,7467588
2022-12-21,1174.3857421875,1192.746337890625,1215.1290283203125,1188.8697509765625,1209.591064453125,8527550
2022-12-22,1171.3411865234375,1189.654296875,1202.0455322265625,1184.5546875,1198.9765625,7451122
2022-12-23,1136.9888916015625,1154.764892578125,1195.515380859375,1150.1729736328125,1182.9625244140625,10257115
2022-12-26,1146.91748046875,1164.8486328125,1173.132568359375,1150.2421875,1160.5567626953125,5990242
2022-12-27,1156.300537109375,1174.378662109375,1176.270751953125,1160.7874755859375,1167.5946044921875,5763271
2022-12-28,1156.1871337890625,1174.2633056640625,1176.7322998046875,1163.671875,1171.28662109375,7459393
2022-12-29,1155.66455078125,1173.7325439453125,1176.31689453125,1165.517822265625,1166.2100830078125,6930648
2022-12-30,1157.4366455078125,1175.5323486328125,1189.2850341796875,1172.71728515625,1174.563232421875,7289476
2023-01-02,1170.4779052734375,1188.7774658203125,1190.2081298828125,1175.993896484375,1176.8245849609375,5316175
2023-01-03,1161.9124755859375,1180.078125,1187.4390869140625,1175.809326171875,1183.7701416015625,7658932
2023-01-04,1144.418212890625,1162.3104248046875,1181.9241943359375,1160.2105712890625,1180.0550537109375,9264891
2023-01-05,1142.3734130859375,1160.233642578125,1170.5482177734375,1155.5955810546875,1164.5948486328125,13637099
2023-01-06,1152.7564697265625,1170.7789306640625,1175.8785400390625,1162.195068359375,1166.048583984375,6349597
2023-01-09,1179.974609375,1198.4227294921875,1200.8226318359375,1173.755615234375,1174.655517578125,10722753
2023-01-10,1162.52587890625,1180.701171875,1202.6685791015625,1174.9786376953125,1202.6685791015625,8047142
2023-01-11,1147.87158203125,1165.81787109375,1180.5166015625,1163.4871826171875,1177.9783935546875,11509553
2023-01-12,1123.084228515625,1140.6429443359375,1168.748291015625,1137.5970458984375,1165.2178955078125,17688773
2023-01-13,1121.266845703125,1138.7969970703125,1141.242919921875,1123.5675048828125,1134.5511474609375,20618583
2023-01-16,1110.5885009765625,1127.9517822265625,1144.3580322265625,1120.06005859375,1141.150634765625,13623855
2023-01-17,1126.3560791015625,1143.9658203125,1145.904052734375,1130.9515380859375,1134.3665771484375,10751000
2023-01-18,1124.492919921875,1142.0736083984375,1149.6422119140625,1135.451171875,1141.5198974609375,13448286
2023-01-19,1123.2886962890625,1140.8507080078125,1145.05029296875,1133.7435302734375,1141.242919921875,11940054
2023-01-20,1109.9295654296875,1127.2825927734375,1142.2120361328125,1124.79052734375,1142.2120361328125,14930286
2023-01-23,1104.3177490234375,1121.5830078125,1138.15087890625,1119.1370849609375,1130.213134765625,10954118
2023-01-24,1097.7972412109375,1114.9605712890625,1127.7440185546875,1101.7615966796875,1126.0595703125,16488755
2023-01-25,1082.620361328125,1099.54638671875,1114.3836669921875,1098.36962890625,1113.3453369140625,12385018
2023-01-27,1062.081787109375,1078.6866455078125,1101.7615966796875,1066.8260498046875,1100.4002685546875,25830975
2023-01-30,1072.26025390625,1089.0242919921875,1094.6314697265625,1061.9111328125,1076.0792236328125,21772103
2023-01-31,1069.579345703125,1086.3013916015625,1101.900146484375,1080.37109375,1099.2926025390625,22691594
2023-02-01,1063.240478515625,1079.863525390625,1098.3465576171875,1063.757080078125,1098.3465576171875,19347800
2023-02-02,1057.35595703125,1073.8870849609375,1083.6015625,1066.526123046875,1069.756591796875,13662663
2023-02-03,1058.2874755859375,1074.8331298828125,1084.0631103515625,1058.2191162109375,1084.0631103515625,24699575
2023-02-06,1050.312744140625,1066.7337646484375,1071.14111328125,1064.1263427734375,1068.3720703125,14837879
2023-02-07,1047.7908935546875,1064.1724853515625,1074.0947265625,1058.2191162109375,1066.9876708984375,15135435
2023-02-08,1068.7159423828125,1085.424560546875,1089.093505859375,1064.68017578125,1067.4490966796875,21160332
2023-02-09,1070.5789794921875,1087.316650390625,1094.1468505859375,1077.140625,1086.1168212890625,13172763
2023-02-10,1061.763671875,1078.3636474609375,1086.7860107421875,1071.279541015625,1086.7860107421875,10790445
2023-02-13,1055.7203369140625,1072.2257080078125,1084.524658203125,1067.7030029296875,1080.001953125,10352493
2023-02-14,1080.598388671875,1097.4927978515625,1099.2464599609375,1072.3641357421875,1075.2716064453125,14321920
2023-02-15,1105.067626953125,1122.344482421875,1124.7674560546875,1095.13916015625,1096.5235595703125,33503591
2023-02-16,1104.2042236328125,1121.4676513671875,1137.0433349609375,1119.16015625,1130.4207763671875,17264487
2023-02-17,1108.81640625,1126.15185546875,1129.5208740234375,1112.491455078125,1116.82958984375,11809520
2023-02-20,1097.093017578125,1114.2452392578125,1130.5592041015625,1112.2607421875,1128.3670654296875,8836937
2023-02-21,1106.044677734375,1123.3367919921875,1129.19775390625,1113.299072265625,1118.6756591796875,13311592
2023-02-22,1080.9617919921875,1097.8619384765625,1121.444580078125,1096.085205078125,1119.5755615234375,11024335
2023-02-23,1075.78173828125,1092.600830078125,1105.1767578125,1089.7626953125,1097.4466552734375,9851910
2023-02-24,1083.1429443359375,1100.0771484375,1105.8228759765625,1092.8316650390625,1094.6776123046875,9434053
2023-02-27,1075.9407958984375,1092.7623291015625,1102.8231201171875,1085.3092041015625,1099.2926025390625,11199715
2023-02-28,1055.356689453125,1071.8564453125,1092.3701171875,1067.7491455078125,1087.3397216796875,21994038
2023-03-01,1065.0579833984375,1081.70947265625,1082.4478759765625,1072.179443359375,1081.755615234375,11551145
2023-03-02,1056.9471435546875,1073.4716796875,1085.2861328125,1071.41796875,1078.525146484375,9333535
2023-03-03,1083.9154052734375,1100.8616943359375,1104.5767822265625,1080.625,1084.13232421875,14643807
2023-03-06,1094.5029296875,1111.6146240234375,1118.9525146484375,1107.599609375,1107.599609375,10171916
2023-03-08,1098.433349609375,1115.606689453125,1116.3681640625,1100.6771240234375,1111.6146240234375,15782657
2023-03-09,1072.032958984375,1088.79345703125,1115.39892578125,1086.8782958984375,1114.983642578125,16235128
2023-03-10,1055.4248046875,1071.9256591796875,1081.755615234375,1068.3951416015625,1080.6019287109375,13334091
2023-03-13,1038.0670166015625,1054.29638671875,1081.755615234375,1049.912109375,1074.8331298828125,12771592
2023-03-14,1034.181884765625,1050.3505859375,1063.7340087890625,1047.166259765625,1052.2196044921875,16027522
2023-03-15,1016.5057373046875,1032.398193359375,1060.6650390625,1027.9447021484375,1054.11181640625,21728555
2023-03-16,1011.4393310546875,1027.25244140625,1040.2205810546875,1016.31494140625,1035.1441650390625,18363159
2023-03-17,1010.1670532226562,1025.9603271484375,1039.2745361328125,1021.1607055664062,1035.9517822265625,34014213
2023-03-20,1000.238525390625,1015.8765258789062,1024.5296630859375,1006.0696411132812,1022.22216796875,19524589
2023-03-21,1031.341796875,1047.4661865234375,1049.45068359375,1023.1451416015625,1024.0450439453125,21400360
2023-03-22,1034.4771728515625,1050.6505126953125,1057.5037841796875,1047.6046142578125,1054.527099609375,10920094
2023-03-23,1021.390625,1037.359375,1047.5584716796875,1035.167236328125,1046.681640625,16249370
2023-03-24,1001.1699829101562,1016.8225708007812,1038.3746337890625,1014.3766479492188,1036.1824951171875,12375945
2023-03-27,1016.7330322265625,1032.62890625,1040.2205810546875,1015.3919677734375,1023.3759155273438,14054323
2023-03-28,1021.4815063476562,1037.45166015625,1041.3743896484375,1032.3751220703125,1036.067138671875,12576424
2023-03-29,1015.4380493164062,1031.313720703125,1035.974853515625,1020.4223022460938,1033.298095703125,18804065
2023-03-31,1059.2191162109375,1075.7791748046875,1081.5018310546875,1040.543701171875,1040.68212890625,28171201
2023-04-03,1059.4007568359375,1075.9637451171875,1084.0631103515625,1068.3720703125,1082.2171630859375,10293043
2023-04-05,1056.856201171875,1073.37939453125,1083.6015625,1065.3955078125,1083.6015625,16262928
2023-04-06,1063.94482421875,1080.5787353515625,1086.37060546875,1069.8258056640625,1069.8258056640625,18435046
2023-04-10,1056.40185546875,1072.9178466796875,1084.709228515625,1071.3948974609375,1084.524658203125,12961408
2023-04-11,1061.6273193359375,1078.22509765625,1080.37109375,1072.5487060546875,1077.140625,10542367
2023-04-12,1066.3074951171875,1082.9786376953125,1092.7392578125,1075.3177490234375,1078.22509765625,18179087
2023-04-13,1070.3289794921875,1087.0628662109375,1091.8162841796875,1080.8326416015625,1085.9090576171875,12378208
2023-04-17,1075.759033203125,1092.5777587890625,1119.114013671875,1084.086181640625,1119.114013671875,17929479
2023-04-18,1063.4449462890625,1080.0711669921875,1096.985107421875,1073.4486083984375,1096.985107421875,10405576
2023-04-19,1068.738525390625,1085.4476318359375,1088.17041015625,1076.3099365234375,1079.47119140625,12273475
2023-04-20,1066.034912109375,1082.70166015625,1088.6781005859375,1076.2637939453125,1086.416748046875,7007330
2023-04-21,1067.3753662109375,1084.0631103515625,1089.60107421875,1078.2481689453125,1084.8245849609375,7647317
2023-04-24,1071.465087890625,1088.2166748046875,1098.784912109375,1083.6015625,1096.0621337890625,12936186
2023-04-25,1079.6668701171875,1096.546630859375,1098.646484375,1084.75537109375,1091.9085693359375,9236126
2023-04-26,1073.328125,1090.1087646484375,1101.184814453125,1086.3936767578125,1097.9080810546875,8617834
2023-04-27,1080.1212158203125,1097.0081787109375,1100.215576171875,1090.985595703125,1096.0621337890625,9167125
2023-04-28,1099.864501953125,1117.060302734375,1118.6295166015625,1099.17724609375,1099.2926025390625,15565210
2023-05-02,1109.20263671875,1126.544189453125,1128.736328125,1120.5677490234375,1124.305908203125,12981805
2023-05-03,1099.682861328125,1116.875732421875,1128.3670654296875,1113.6221923828125,1128.3670654296875,7061872
2023-05-04,1112.360595703125,1129.7515869140625,1131.9898681640625,1114.3375244140625,1117.3603515625,8635233
2023-05-05,1109.5206298828125,1126.8671875,1135.91259765625,1124.213623046875,1126.5211181640625,8746585
2023-05-08,1123.220703125,1140.781494140625,1146.2041015625,1127.974853515625,1130.674560546875,9153782
2023-05-09,1126.69677734375,1144.3118896484375,1147.6578369140625,1136.7894287109375,1142.2120361328125,6464721
2023-05-10,1134.4443359375,1152.1805419921875,1153.680419921875,1145.0733642578125,1149.1346435546875,10872255
2023-05-11,1127.03759765625,1144.6580810546875,1158.1337890625,1142.9273681640625,1153.2650146484375,10557860
2023-05-12,1128.8779296875,1146.527099609375,1147.9346923828125,1133.67431640625,1139.812255859375,6955341
2023-05-15,1131.1043701171875,1148.7884521484375,1155.849365234375,1141.3582763671875,1149.0885009765625,6833343
2023-05-16,1114.99609375,1132.4283447265625,1153.56494140625,1130.7437744140625,1150.9805908203125,8717229
2023-05-17,1108.4073486328125,1125.736572265625,1137.5970458984375,1120.983154296875,1136.674072265625,8798967
2023-05-18,1106.0218505859375,1123.313720703125,1133.9051513671875,1120.1292724609375,1130.4669189453125,10525531
2023-05-19,1109.611328125,1126.95947265625,1128.8055419921875,1116.298828125,1123.313720703125,8050447
2023-05-22,1115.5413818359375,1132.9820556640625,1138.05859375,1122.5291748046875,1123.7520751953125,7434906
2023-05-23,1115.3369140625,1132.7744140625,1138.9815673828125,1131.34375,1135.589599609375,6092034
2023-05-24,1108.839111328125,1126.1749267578125,1137.1356201171875,1123.0367431640625,1128.782470703125,8112254
2023-05-25,1108.7027587890625,1126.0364990234375,1130.213134765625,1115.0067138671875,1123.2445068359375,11487863
2023-05-26,1138.94287109375,1156.7493896484375,1157.903076171875,1131.020751953125,1134.3665771484375,12626260
2023-05-29,1145.3497314453125,1163.2564697265625,1167.5946044921875,1157.0723876953125,1163.4410400390625,10010304
2023-05-30,1145.054443359375,1162.95654296875,1171.148193359375,1160.3720703125,1163.2564697265625,11342504
2023-05-31,1122.311767578125,1139.8583984375,1158.29541015625,1135.7510986328125,1153.7496337890625,27107927
2023-06-01,1119.2901611328125,1136.7894287109375,1146.781005859375,1134.3665771484375,1144.5888671875,14592692
2023-06-02,1115.63232421875,1133.0743408203125,1145.8348388671875,1131.1361083984375,1140.3660888671875,15800644
2023-06-05,1125.6517333984375,1143.25048828125,1146.250244140625,1134.57421875,1138.6124267578125,10908682
2023-06-06,1126.6058349609375,1144.2196044921875,1148.0731201171875,1136.212646484375,1146.11181640625,7493309
2023-06-07,1135.1485595703125,1152.8958740234375,1153.7496337890625,1141.1044921875,1147.7501220703125,10312545
2023-06-08,1135.8302001953125,1153.5880126953125,1161.52587890625,1149.5960693359375,1156.5185546875,12071109
2023-06-09,1127.787353515625,1145.4195556640625,1157.6954345703125,1143.5965576171875,1156.9801025390625,5877018
2023-06-12,1128.7869873046875,1146.434814453125,1148.765380859375,1137.5970458984375,1142.44287109375,6391969
2023-06-13,1145.4632568359375,1163.371826171875,1164.57177734375,1147.4039306640625,1151.442138671875,11248016
2023-06-14,1159.549560546875,1177.6783447265625,1179.132080078125,1161.5950927734375,1163.4410400390625,13277380
2023-06-15,1159.86767578125,1178.00146484375,1182.616455078125,1170.1328125,1177.6552734375,11813494
2023-06-16,1171.159423828125,1189.4697265625,1191.7772216796875,1181.5318603515625,1181.5318603515625,24171579
2023-06-19,1159.5269775390625,1177.6552734375,1192.515625,1173.4326171875,1192.515625,6798554
2023-06-20,1161.9351806640625,1180.1011962890625,1183.2855224609375,1169.902099609375,1175.6939697265625,6921096
2023-06-21,1165.206787109375,1183.424072265625,1185.9853515625,1175.901611328125,1180.0550537109375,6961603
2023-06-22,1152.1201171875,1170.1328125,1187.5775146484375,1168.517578125,1179.5936279296875,7619166
2023-06-23,1142.691650390625,1160.5567626953125,1169.1636962890625,1159.28759765625,1167.0869140625,6628570
2023-06-26,1133.9671630859375,1151.6959228515625,1160.856689453125,1148.53466796875,1156.9801025390625,12641159
2023-06-27,1134.376220703125,1152.111328125,1158.1337890625,1147.588623046875,1152.157470703125,9689466
2023-06-28,1149.3939208984375,1167.3638916015625,1171.2174072265625,1152.75732421875,1159.7491455078125,11354006
2023-06-30,1158.8226318359375,1176.93994140625,1179.8935546875,1169.186767578125,1175.1632080078125,11151555
2023-07-03,1188.5628662109375,1207.1451416015625,1210.0526123046875,1179.2935791015625,1180.5396728515625,12154387
2023-07-04,1176.31689453125,1194.707763671875,1211.4371337890625,1187.554443359375,1211.4371337890625,8061643
2023-07-05,1174.3857421875,1192.746337890625,1204.0531005859375,1188.7313232421875,1204.0531005859375,10248062
2023-07-06,1199.03662109375,1217.78271484375,1220.4132080078125,1188.8466796875,1188.8466796875,19117987
2023-07-07,1196.696533203125,1215.406005859375,1229.8740234375,1212.821533203125,1216.0521240234375,13375267
2023-07-10,1242.7947998046875,1262.22509765625,1271.8935546875,1234.5120849609375,1240.9268798828125,33240016
2023-07-11,1256.2677001953125,1275.9085693359375,1278.3544921875,1263.4019775390625,1270.462890625,20069348
2023-07-12,1257.653564453125,1277.316162109375,1293.12255859375,1274.5009765625,1276.64697265625,18733835
2023-07-13,1246.4073486328125,1265.89404296875,1291.738037109375,1263.240478515625,1284.7694091796875,14682934
2023-07-14,1245.3621826171875,1264.8326416015625,1274.1549072265625,1257.6331787109375,1269.12451171875,15124144
2023-07-17,1270.80859375,1290.6766357421875,1299.1451416015625,1258.9715576171875,1267.7401123046875,22220040
2023-07-18,1281.60009765625,1301.63720703125,1309.482666015625,1288.968994140625,1300.0450439453125,25867313
2023-07-19,1291.3243408203125,1311.5133056640625,1318.0435791015625,1290.8150634765625,1306.0445556640625,39122156
2023-07-20,1289.760498046875,1309.925048828125,1315.4749755859375,1290.0,1290.0,38717624
2023-07-21,1249.834716796875,1269.375,1307.449951171875,1261.800048828125,1304.5,30249238
2023-07-24,1224.5548095703125,1243.699951171875,1257.4749755859375,1234.6500244140625,1240.5,23727866
2023-07-25,1223.7672119140625,1242.9000244140625,1252.5999755859375,1240.0,1247.0,12026020
2023-07-26,1243.6561279296875,1263.0999755859375,1273.5,1242.5,1242.5,12911012
2023-07-27,1232.0870361328125,1251.3499755859375,1268.824951171875,1245.175048828125,1267.0250244140625,17226898
2023-07-28,1244.4686279296875,1263.925048828125,1271.425048828125,1250.2750244140625,1256.0250244140625,20827852
2023-07-31,1255.00390625,1274.625,1276.949951171875,1258.9749755859375,1263.925048828125,8551174
2023-08-01,1237.25634765625,1256.5999755859375,1279.5,1252.6500244140625,1277.5,9536632
2023-08-02,1224.0380859375,1243.175048828125,1256.0,1231.800048828125,1254.5999755859375,12748214
2023-08-03,1218.8934326171875,1237.949951171875,1250.449951171875,1229.0250244140625,1237.6500244140625,10168350
2023-08-04,1235.45947265625,1254.7750244140625,1258.0,1235.800048828125,1249.4000244140625,22885610
2023-08-07,1242.49951171875,1261.925048828125,1264.199951171875,1252.5,1260.5,5982870
2023-08-08,1235.0162353515625,1254.324951171875,1267.2249755859375,1249.7750244140625,1264.0,9844072
2023-08-09,1243.1639404296875,1262.5999755859375,1264.5,1240.550048828125,1252.425048828125,11486586
2023-08-10,1248.702392578125,1268.2249755859375,1275.0,1254.2249755859375,1262.4749755859375,15470598
2023-08-11,1253.969970703125,1273.574951171875,1279.425048828125,1256.175048828125,1266.2249755859375,22179330
2023-08-14,1268.788330078125,1288.625,1291.1500244140625,1262.5,1269.5,9575812
2023-08-16,1267.7545166015625,1287.574951171875,1291.4000244140625,1275.5,1275.5,10203112
2023-08-17,1249.465576171875,1269.0,1289.050048828125,1266.425048828125,1283.550048828125,13673744
2023-08-18,1258.7208251953125,1278.4000244140625,1288.800048828125,1254.2750244140625,1265.625,18639978
2023-08-21,1244.986328125,1260.0,1277.7249755859375,1257.824951171875,1269.9749755859375,9221746
2023-08-22,1244.68994140625,1259.699951171875,1268.9749755859375,1249.5,1258.449951171875,7713044
2023-08-23,1246.0732421875,1261.0999755859375,1271.425048828125,1258.4749755859375,1262.0999755859375,9517952
2023-08-24,1225.1258544921875,1239.9000244140625,1269.949951171875,1235.5,1269.949951171875,14140020
2023-08-25,1219.4691162109375,1234.175048828125,1252.5,1221.300048828125,1228.0,22222400
2023-08-28,1207.315673828125,1221.875,1242.0,1215.550048828125,1236.0,12580826
2023-08-29,1195.755126953125,1210.175048828125,1226.7249755859375,1204.074951171875,1226.0250244140625,16876644
2023-08-30,1194.6187744140625,1209.0250244140625,1221.5,1207.5,1216.0,12168946
2023-08-31,1189.1595458984375,1203.5,1212.5,1199.949951171875,1211.5,21638600
2023-09-01,1191.950927734375,1206.324951171875,1212.824951171875,1200.824951171875,1203.2750244140625,18112842
2023-09-04,1190.987548828125,1205.3499755859375,1211.824951171875,1202.6500244140625,1206.324951171875,9347626
2023-09-05,1197.36083984375,1211.800048828125,1216.9749755859375,1206.2249755859375,1210.0,8675876
2023-09-06,1199.8802490234375,1214.3499755859375,1218.074951171875,1208.625,1210.550048828125,8200370
2023-09-07,1201.5106201171875,1216.0,1219.125,1205.5,1210.8499755859375,13652572
2023-09-08,1209.51416015625,1224.0999755859375,1228.0,1211.4749755859375,1220.0,23109288
2023-09-11,1222.556884765625,1237.300048828125,1238.425048828125,1226.0,1226.0,13271074
2023-09-12,1204.8948974609375,1219.425048828125,1241.5,1217.9749755859375,1241.5,16255666
2023-09-13,1210.9222412109375,1225.5250244140625,1231.324951171875,1213.125,1220.0,12803338
2023-09-14,1212.033935546875,1226.6500244140625,1232.9000244140625,1222.5,1230.0,9209636
2023-09-15,1214.28173828125,1228.925048828125,1234.0,1224.75,1234.0,25468592
2023-09-18,1203.7091064453125,1218.2249755859375,1225.5,1216.0250244140625,1220.0250244140625,7516300
2023-09-20,1176.8826904296875,1191.074951171875,1213.800048828125,1177.5,1211.5250244140625,57081884
2023-09-21,1168.31103515625,1182.4000244140625,1195.050048828125,1180.0,1187.4749755859375,12226182
2023-09-22,1163.4447021484375,1177.4749755859375,1191.2249755859375,1175.0,1188.0,19176786
2023-09-25,1156.2811279296875,1170.2249755859375,1180.3499755859375,1167.550048828125,1175.199951171875,14254884
2023-09-26,1157.2939453125,1171.25,1175.0999755859375,1167.800048828125,1169.2750244140625,10087782
2023-09-27,1170.336669921875,1184.449951171875,1185.9000244140625,1169.25,1171.75,11722778
2023-09-28,1153.1439208984375,1167.050048828125,1191.5,1162.5,1191.5,14518346
2023-09-29,1158.5289306640625,1172.5,1184.550048828125,1167.050048828125,1170.9000244140625,12342014
2023-10-03,1145.2637939453125,1159.074951171875,1167.800048828125,1158.0,1164.9749755859375,8859056
2023-10-04,1143.287841796875,1157.074951171875,1159.5,1147.550048828125,1154.5,10286386
2023-10-05,1143.26318359375,1157.050048828125,1164.699951171875,1154.5,1159.625,10953682
2023-10-06,1145.18994140625,1159.0,1162.4000244140625,1156.0250244140625,1158.5250244140625,5431026
2023-10-09,1135.4326171875,1149.125,1155.9749755859375,1147.5,1154.050048828125,7576878
2023-10-10,1140.447021484375,1154.199951171875,1158.949951171875,1151.875,1153.2750244140625,10236032
2023-10-11,1158.5535888671875,1172.5250244140625,1174.8499755859375,1156.5,1157.2249755859375,9814118
2023-10-12,1160.70263671875,1174.699951171875,1179.675048828125,1169.074951171875,1171.925048828125,12554450
2023-10-13,1160.6534423828125,1174.6500244140625,1178.75,1164.574951171875,1170.0,10150316
2023-10-16,1158.0596923828125,1172.0250244140625,1177.2750244140625,1168.0,1172.5,5929036
2023-10-17,1163.593017578125,1177.625,1179.8499755859375,1170.6500244140625,1178.0,7928180
2023-10-18,1148.1541748046875,1162.0,1183.5,1160.5,1177.625,8918320
2023-10-19,1139.33544921875,1153.074951171875,1160.9000244140625,1150.5,1156.0,12032556
2023-10-20,1135.8524169921875,1149.550048828125,1157.3499755859375,1148.1500244140625,1150.0,8913312
2023-10-23,1118.1162109375,1131.5999755859375,1153.125,1127.625,1145.0,7853962
2023-10-25,1115.5225830078125,1128.9749755859375,1140.5999755859375,1121.5,1125.0250244140625,11620688
2023-10-26,1099.9849853515625,1113.25,1129.0,1110.1500244140625,1125.5,15222534
2023-10-27,1119.4007568359375,1132.9000244140625,1136.75,1117.9749755859375,1120.0,11771084
2023-10-30,1142.47265625,1156.25,1162.5,1134.9749755859375,1137.0,16813304
2023-10-31,1130.3192138671875,1143.949951171875,1164.0,1141.449951171875,1164.0,12808438
2023-11-01,1135.0126953125,1148.699951171875,1158.75,1137.5999755859375,1144.574951171875,10309190
2023-11-02,1146.2767333984375,1160.0999755859375,1162.1500244140625,1153.9749755859375,1156.9749755859375,10562104
2023-11-03,1146.0296630859375,1159.8499755859375,1167.4749755859375,1157.875,1163.5999755859375,8850156
2023-11-06,1155.564697265625,1169.5,1170.0,1162.800048828125,1166.1500244140625,10647304
2023-11-07,1148.055419921875,1161.9000244140625,1169.550048828125,1159.7750244140625,1167.0250244140625,6960204
2023-11-08,1154.033203125,1167.949951171875,1170.5,1160.875,1166.0,7884494
2023-11-09,1141.50927734375,1155.2750244140625,1167.949951171875,1152.0999755859375,1167.925048828125,14513610
2023-11-10,1143.6583251953125,1157.449951171875,1158.175048828125,1149.0250244140625,1152.7750244140625,7734954
2023-11-13,1143.5101318359375,1157.300048828125,1162.300048828125,1155.8499755859375,1161.449951171875,3854810
2023-11-15,1164.1856689453125,1178.2249755859375,1180.9749755859375,1163.5,1170.0,12220648
2023-11-16,1166.285400390625,1180.3499755859375,1187.074951171875,1173.4749755859375,1175.550048828125,13134910
2023-11-17,1163.7412109375,1177.7750244140625,1186.625,1176.0250244140625,1176.449951171875,7758634
2023-11-20,1160.6781005859375,1174.675048828125,1179.199951171875,1168.199951171875,1174.2750244140625,4490186
2023-11-21,1175.2769775390625,1189.449951171875,1194.0,1180.0999755859375,1183.0,8214450
2023-11-22,1179.87158203125,1194.0999755859375,1197.2249755859375,1186.0999755859375,1187.5,8534814
2023-11-23,1183.4781494140625,1197.75,1200.0,1194.0999755859375,1194.0999755859375,8531542
2023-11-24,1182.6876220703125,1196.949951171875,1201.300048828125,1195.5250244140625,1195.800048828125,6749486
2023-11-28,1182.9346923828125,1197.199951171875,1199.8499755859375,1187.625,1196.949951171875,13792174
2023-11-29,1186.047119140625,1200.3499755859375,1205.9749755859375,1199.0250244140625,1204.0,12531306
2023-11-30,1174.560791015625,1188.7249755859375,1200.3499755859375,1184.949951171875,1197.3499755859375,28439984
2023-12-01,1182.88525390625,1197.1500244140625,1198.199951171875,1188.800048828125,1189.0,14342842
2023-12-04,1195.6810302734375,1210.0999755859375,1225.0,1199.300048828125,1225.0,15590990
2023-12-05,1204.3514404296875,1218.875,1220.425048828125,1210.824951171875,1219.5,12693624
2023-12-06,1215.887451171875,1230.550048828125,1236.4749755859375,1217.5,1223.550048828125,16422442
2023-12-07,1213.886474609375,1228.5250244140625,1230.4749755859375,1221.0,1230.0,8142096
2023-12-08,1213.244140625,1227.875,1238.3499755859375,1222.5,1231.925048828125,10204894
2023-12-11,1215.0228271484375,1229.675048828125,1233.800048828125,1226.199951171875,1228.0,7066138
2023-12-12,1197.5830078125,1212.0250244140625,1232.4749755859375,1210.074951171875,1230.0,9197124
2023-12-13,1202.473876953125,1216.9749755859375,1219.175048828125,1203.1500244140625,1211.0,10031182
2023-12-14,1217.39404296875,1232.074951171875,1237.4749755859375,1221.324951171875,1227.0,16972354
2023-12-15,1232.9317626953125,1247.800048828125,1250.0,1235.0250244140625,1239.0,15932152
2023-12-18,1245.4803466796875,1260.5,1267.449951171875,1245.4749755859375,1247.800048828125,14165188
2023-12-19,1263.8094482421875,1279.050048828125,1286.949951171875,1262.5999755859375,1277.5,16820604
2023-12-20,1248.518798828125,1263.574951171875,1299.425048828125,1260.0,1285.5250244140625,17736722
2023-12-21,1266.0079345703125,1281.2750244140625,1286.75,1259.125,1263.5,13765454
2023-12-22,1267.242919921875,1282.5250244140625,1290.449951171875,1273.824951171875,1279.800048828125,16541784
2023-12-26,1273.66552734375,1289.0250244140625,1295.9749755859375,1281.3499755859375,1284.0,7465664
2023-12-27,1278.01318359375,1293.425048828125,1299.949951171875,1286.550048828125,1291.0,9204156
2023-12-28,1287.2518310546875,1302.7750244140625,1306.0,1293.425048828125,1294.9000244140625,12302636
2023-12-29,1277.074462890625,1292.4749755859375,1307.0,1289.6500244140625,1305.550048828125,10864584
2024-01-01,1279.69287109375,1295.125,1303.425048828125,1286.574951171875,1290.2750244140625,4030540
2024-01-02,1290.2900390625,1305.8499755859375,1307.5,1286.5,1292.5,7448800
2024-01-03,1276.25927734375,1291.6500244140625,1317.0,1288.5999755859375,1305.0,9037536
2024-01-04,1282.854736328125,1298.324951171875,1304.925048828125,1289.550048828125,1294.0,9612778
2024-01-05,1288.3138427734375,1303.8499755859375,1309.925048828125,1299.0,1301.449951171875,8086406
2024-01-08,1278.26025390625,1293.675048828125,1315.9749755859375,1284.4749755859375,1305.0,7734652
2024-01-09,1274.8759765625,1290.25,1303.4000244140625,1288.5999755859375,1300.0,5403074
2024-01-10,1309.261474609375,1325.050048828125,1329.5,1287.5250244140625,1288.5,11102740
2024-01-11,1343.696044921875,1359.9000244140625,1362.5,1328.5,1329.5,23725852
2024-01-12,1354.39208984375,1370.7249755859375,1373.324951171875,1345.75,1359.9000244140625,15012164
2024-01-15,1377.5130615234375,1394.125,1396.449951171875,1366.0,1375.0,8610594
2024-01-16,1358.24560546875,1374.625,1396.300048828125,1370.5,1389.9749755859375,9069024
2024-01-17,1345.35107421875,1361.574951171875,1386.2750244140625,1355.0250244140625,1359.5,12197382
2024-01-18,1351.6500244140625,1367.949951171875,1371.0,1351.25,1351.4000244140625,10279438
2024-01-19,1351.156005859375,1367.449951171875,1376.0,1359.0,1376.0,10422704
2024-01-23,1312.7442626953125,1328.574951171875,1371.75,1322.550048828125,1371.75,20055420
2024-01-24,1327.8619384765625,1343.875,1349.5,1323.925048828125,1335.2249755859375,21919128
2024-01-25,1336.952392578125,1353.074951171875,1364.1500244140625,1335.199951171875,1342.949951171875,11808872
2024-01-29,1430.795654296875,1448.050048828125,1452.5,1360.175048828125,1364.5,23893438
2024-01-30,1390.8524169921875,1407.625,1459.9749755859375,1404.425048828125,1459.949951171875,14093978
2024-01-31,1409.6259765625,1426.625,1434.25,1402.5,1404.0,15130226
2024-02-01,1409.650634765625,1426.6500244140625,1443.3499755859375,1418.050048828125,1435.0,13349362
2024-02-02,1440.3306884765625,1457.699951171875,1474.9000244140625,1433.175048828125,1433.175048828125,19652588
2024-02-05,1421.8782958984375,1439.0250244140625,1470.5,1431.5250244140625,1460.75,8814432
2024-02-06,1410.7869873046875,1427.800048828125,1441.8499755859375,1419.824951171875,1441.8499755859375,9047984
2024-02-07,1424.966064453125,1442.1500244140625,1449.5,1429.25,1435.925048828125,9296568
2024-02-08,1432.845947265625,1450.125,1459.4749755859375,1427.5250244140625,1450.0,14694634
2024-02-09,1443.344482421875,1460.75,1471.9749755859375,1450.949951171875,1454.0,12556798
2024-02-12,1435.0443115234375,1452.3499755859375,1461.0,1442.3499755859375,1460.75,6674430
2024-02-13,1447.642578125,1465.0999755859375,1479.0,1454.0,1455.5,7715594
2024-02-14,1463.7236328125,1481.375,1483.6500244140625,1457.5,1457.5,7117888
2024-02-15,1453.076904296875,1470.5999755859375,1484.7249755859375,1466.5250244140625,1483.3499755859375,10006782
2024-02-16,1443.17138671875,1460.574951171875,1477.0,1458.550048828125,1476.4749755859375,9767498
2024-02-19,1456.4364013671875,1474.0,1479.5,1453.5250244140625,1462.050048828125,6729828
2024-02-20,1453.496826171875,1471.0250244140625,1475.5,1461.800048828125,1475.0250244140625,7117496
2024-02-21,1450.2115478515625,1467.699951171875,1488.5250244140625,1457.550048828125,1474.0,12720292
2024-02-22,1464.0941162109375,1481.75,1484.949951171875,1458.0,1468.1500244140625,18493728
2024-02-23,1475.82763671875,1493.625,1497.550048828125,1483.3499755859375,1489.5,14438584
2024-02-26,1469.6026611328125,1487.324951171875,1494.5250244140625,1482.5,1493.550048828125,7513106
2024-02-27,1467.94775390625,1485.6500244140625,1499.949951171875,1478.050048828125,1483.0250244140625,10826044
2024-02-28,1438.2803955078125,1455.625,1491.2750244140625,1450.175048828125,1483.0,8647950
2024-02-29,1443.393798828125,1460.800048828125,1478.9749755859375,1454.5250244140625,1465.0,23628976
2024-03-01,1474.345458984375,1492.125,1500.0,1462.5,1463.5,12132926
2024-03-04,1489.4384765625,1507.4000244140625,1512.449951171875,1487.2249755859375,1490.4749755859375,10024420
2024-03-05,1482.32421875,1500.199951171875,1507.4000244140625,1486.050048828125,1505.7750244140625,7107668
2024-03-06,1485.0909423828125,1503.0,1509.0,1478.5,1493.449951171875,7805676
2024-03-07,1461.302734375,1478.925048828125,1503.0999755859375,1475.550048828125,1502.9749755859375,8315726
2024-03-11,1449.12451171875,1466.5999755859375,1489.0,1463.5,1489.0,11277130
2024-03-12,1457.844482421875,1475.425048828125,1488.0,1465.0250244140625,1466.5999755859375,9432678
2024-03-13,1415.10986328125,1432.175048828125,1483.0999755859375,1427.7750244140625,1479.7750244140625,13522134
2024-03-14,1414.4180908203125,1431.4749755859375,1448.5250244140625,1425.5,1439.699951171875,18571102
2024-03-15,1401.3260498046875,1418.2249755859375,1433.2249755859375,1412.9000244140625,1425.949951171875,19223818
2024-03-18,1422.32275390625,1439.4749755859375,1441.7249755859375,1416.5250244140625,1420.0,9169392
2024-03-19,1408.267333984375,1425.25,1437.5999755859375,1417.25,1428.75,8275764
2024-03-20,1426.5469970703125,1443.75,1445.0,1424.0250244140625,1427.949951171875,8488806
2024-03-21,1433.685791015625,1450.9749755859375,1457.9000244140625,1444.675048828125,1452.5250244140625,13006936
2024-03-22,1437.6876220703125,1455.0250244140625,1460.0,1447.3499755859375,1449.9749755859375,19527608
2024-03-26,1424.3978271484375,1441.574951171875,1452.4000244140625,1439.0,1445.0,11415906
2024-03-27,1475.061767578125,1492.8499755859375,1500.0,1447.0,1448.0,16326644
2024-03-28,1468.1451416015625,1485.8499755859375,1505.949951171875,1478.6500244140625,1492.875,21854364
2024-04-01,1467.0831298828125,1484.7750244140625,1493.9749755859375,1482.5,1492.4749755859375,5013880
2024-04-02,1469.232177734375,1486.949951171875,1494.0,1475.0,1484.0,8910166
2024-04-03,1454.0650634765625,1471.5999755859375,1484.449951171875,1468.9000244140625,1482.074951171875,7008292
2024-04-04,1445.4935302734375,1462.925048828125,1479.75,1450.0,1479.75,14490272
2024-04-05,1442.7021484375,1460.0999755859375,1470.800048828125,1456.0,1460.875,7442298
2024-04-08,1468.268798828125,1485.9749755859375,1490.9749755859375,1461.0,1462.9749755859375,8357118
2024-04-09,1446.2098388671875,1463.6500244140625,1489.800048828125,1462.5,1489.0,7071414
2024-04-10,1461.9449462890625,1479.574951171875,1487.0,1466.3499755859375,1466.3499755859375,9138330
2024-04-12,1449.6680908203125,1467.1500244140625,1486.4749755859375,1463.074951171875,1475.875,15551012
2024-04-15,1447.3707275390625,1464.824951171875,1482.125,1446.324951171875,1461.0,12902062
2024-04-16,1448.2847900390625,1465.75,1471.175048828125,1450.925048828125,1453.3499755859375,9366184
2024-04-18,1446.876708984375,1464.324951171875,1486.0,1459.3499755859375,1463.5,19005692
2024-04-19,1452.607666015625,1470.125,1474.0,1443.0250244140625,1456.7750244140625,15741778
2024-04-22,1462.2166748046875,1479.8499755859375,1482.824951171875,1467.800048828125,1472.449951171875,10350362
2024-04-23,1441.936279296875,1459.324951171875,1493.5,1455.550048828125,1479.0,14605554
2024-04-24,1432.895263671875,1450.175048828125,1468.550048828125,1449.5,1463.5,10462776
2024-04-25,1442.57861328125,1459.9749755859375,1467.9749755859375,1441.5,1442.5,15943926
2024-04-26,1435.2421875,1452.550048828125,1465.0,1450.0,1463.949951171875,9413848
2024-04-29,1447.568359375,1465.0250244140625,1467.9000244140625,1450.0,1450.0,7247974
2024-04-30,1449.5198974609375,1467.0,1483.074951171875,1462.875,1468.0,11474262
2024-05-02,1449.0753173828125,1466.550048828125,1477.324951171875,1464.125,1472.0,14512646
2024-05-03,1416.9129638671875,1434.0,1474.949951171875,1416.1500244140625,1471.0,17226958
2024-05-06,1402.610595703125,1419.5250244140625,1440.0,1418.0,1435.5,7394208
2024-05-07,1384.775634765625,1401.4749755859375,1420.75,1392.0,1415.9749755859375,14517472
2024-05-08,1401.6473388671875,1418.550048828125,1432.949951171875,1397.5,1397.5,9439002
2024-05-09,1377.5130615234375,1394.125,1423.75,1390.0,1413.0,11009612
2024-05-10,1390.6546630859375,1407.425048828125,1410.0,1388.074951171875,1396.75,10505096
2024-05-13,1385.9859619140625,1402.699951171875,1406.9749755859375,1384.0,1399.9000244140625,8456620
2024-05-14,1403.154052734375,1420.074951171875,1427.074951171875,1400.0250244140625,1400.9749755859375,7188300
2024-05-15,1399.399169921875,1416.2750244140625,1429.9749755859375,1413.0250244140625,1420.5,5046534
2024-05-16,1408.3660888671875,1425.3499755859375,1427.5,1398.0250244140625,1418.550048828125,14711774
2024-05-17,1418.5927734375,1435.699951171875,1437.199951171875,1413.25,1423.050048828125,10916476
2024-05-21,1419.0128173828125,1436.125,1441.824951171875,1425.5999755859375,1425.5999755859375,11176128
2024-05-22,1443.2454833984375,1460.6500244140625,1468.7750244140625,1436.2750244140625,1436.2750244140625,10281604
2024-05-23,1468.343017578125,1486.050048828125,1492.2249755859375,1455.0,1458.550048828125,14608260
2024-05-24,1462.6119384765625,1480.25,1488.5,1476.0999755859375,1483.625,7094776
2024-05-27,1448.77880859375,1466.25,1484.9000244140625,1461.550048828125,1480.2249755859375,6629010
2024-05-28,1438.8485107421875,1456.199951171875,1478.5,1452.75,1468.0,7820162
2024-05-29,1423.607421875,1440.7750244140625,1458.0,1438.449951171875,1446.5,7383556
2024-05-30,1407.8720703125,1424.8499755859375,1440.4000244140625,1420.0999755859375,1435.5,13206858
2024-05-31,1413.3560791015625,1430.4000244140625,1442.25,1422.25,1431.300048828125,31069832
2024-06-03,1492.32861328125,1510.324951171875,1514.5,1459.0,1483.0,21527942
2024-06-04,1380.625732421875,1397.2750244140625,1498.050048828125,1359.300048828125,1498.050048828125,36709098
2024-06-05,1403.821044921875,1420.75,1431.1500244140625,1384.0999755859375,1422.0,17464890
2024-06-06,1414.541748046875,1431.5999755859375,1443.699951171875,1421.3499755859375,1435.0,17855722
2024-06-07,1452.4346923828125,1469.949951171875,1472.0,1426.5,1428.5,18558696
2024-06-10,1453.867431640625,1471.4000244140625,1493.3499755859375,1468.074951171875,1469.949951171875,9251760
2024-06-11,1439.31787109375,1456.675048828125,1473.675048828125,1454.675048828125,1469.0,11774902
2024-06-12,1445.888671875,1463.324951171875,1476.0,1455.175048828125,1457.5,10081742
2024-06-13,1447.790771484375,1465.25,1472.25,1460.0999755859375,1472.0,9181160
2024-06-14,1459.944091796875,1477.550048828125,1479.675048828125,1457.2249755859375,1470.0,8157998
2024-06-18,1463.377685546875,1481.0250244140625,1487.4000244140625,1471.3499755859375,1487.3499755859375,7196766
2024-06-19,1441.2694091796875,1458.6500244140625,1487.5,1456.0,1487.5,8725874
2024-06-20,1456.139892578125,1473.699951171875,1482.8499755859375,1450.0999755859375,1459.0,16113776
2024-06-21,1436.872314453125,1454.199951171875,1474.699951171875,1440.574951171875,1473.625,31170360
2024-06-24,1424.2989501953125,1441.4749755859375,1449.5,1437.5,1445.5250244140625,8878386
2024-06-25,1436.822998046875,1454.1500244140625,1455.925048828125,1441.0,1443.0,7045386
2024-06-26,1495.9844970703125,1514.0250244140625,1518.9749755859375,1445.125,1446.050048828125,22014882
2024-06-27,1512.3126220703125,1530.550048828125,1537.5,1506.0,1513.75,28383030
2024-06-28,1546.747314453125,1565.4000244140625,1581.0,1531.0250244140625,1531.0250244140625,28957336
2024-07-01,1541.5599365234375,1560.1500244140625,1579.4000244140625,1555.675048828125,1562.5250244140625,7724306
2024-07-02,1546.525146484375,1565.175048828125,1573.5,1557.0,1569.5,7749246
2024-07-03,1533.927001953125,1552.425048828125,1575.0,1542.7750244140625,1566.324951171875,9049620
2024-07-04,1535.5079345703125,1554.0250244140625,1567.5,1550.800048828125,1557.0,6837176
2024-07-05,1569.6956787109375,1588.625,1598.5,1548.0,1553.824951171875,12269710
2024-07-08,1581.824462890625,1600.9000244140625,1608.800048828125,1582.5250244140625,1589.0,9500806
2024-07-09,1571.325927734375,1590.2750244140625,1600.5,1580.5,1597.5999755859375,6960002
2024-07-10,1565.3480224609375,1584.2249755859375,1597.5,1563.1500244140625,1595.0,7134578
2024-07-11,1561.815673828125,1580.6500244140625,1604.25,1570.5,1587.5,11940946
2024-07-12,1577.6990966796875,1596.7249755859375,1605.1500244140625,1574.5,1584.5,12924784
2024-07-15,1578.193115234375,1597.2249755859375,1605.8499755859375,1585.5,1604.449951171875,5329688
2024-07-16,1557.4681396484375,1576.25,1600.0,1569.125,1593.5,9386838
2024-07-18,1567.7689208984375,1586.675048828125,1593.9000244140625,1557.824951171875,1576.0,12298374
2024-07-19,1536.61962890625,1555.1500244140625,1589.9749755859375,1552.800048828125,1586.0,13140390
2024-07-22,1482.7935791015625,1500.675048828125,1537.5,1499.2750244140625,1537.25,19674376
2024-07-23,1470.1708984375,1487.9000244140625,1505.75,1463.0,1501.0,18052044
2024-07-24,1477.8779296875,1495.699951171875,1509.5,1476.4000244140625,1485.0,11913362
2024-07-25,1474.6171875,1492.4000244140625,1500.4749755859375,1477.074951171875,1481.0,12519876
2024-07-26,1491.044189453125,1509.0250244140625,1512.425048828125,1490.3499755859375,1492.4000244140625,9859940
2024-07-29,1501.9871826171875,1520.0999755859375,1527.5,1511.7750244140625,1511.949951171875,7538550
2024-07-30,1495.1199951171875,1513.1500244140625,1525.0,1510.0,1517.0250244140625,8228208
2024-07-31,1487.4869384765625,1505.425048828125,1510.449951171875,1501.1500244140625,1504.0,10057346
2024-08-01,1497.244384765625,1515.300048828125,1518.0,1504.300048828125,1512.0,10764222
2024-08-02,1481.459716796875,1499.324951171875,1509.324951171875,1493.2750244140625,1505.0,10268248
2024-08-05,1430.079345703125,1447.324951171875,1483.9000244140625,1433.25,1480.0,17046704
2024-08-06,1438.700439453125,1456.050048828125,1477.5,1451.324951171875,1455.1500244140625,10236186
2024-08-07,1447.3707275390625,1464.824951171875,1472.5,1461.5,1469.0,8174568
2024-08-08,1431.8577880859375,1449.125,1465.0,1445.925048828125,1457.5250244140625,12387192
2024-08-09,1456.7330322265625,1474.300048828125,1476.5,1456.0,1460.0,6249776
2024-08-12,1443.2208251953125,1460.625,1473.0,1457.75,1470.0,8184584
2024-08-13,1446.18505859375,1463.625,1470.074951171875,1458.0,1460.75,6265064
2024-08-14,1444.43115234375,1461.8499755859375,1472.0,1453.699951171875,1463.550048828125,6267466
2024-08-16,1460.5863037109375,1478.199951171875,1480.4000244140625,1458.050048828125,1468.6500244140625,9416902
2024-08-19,1475.65625,1488.4000244140625,1498.300048828125,1480.5,1482.5,13797742
2024-08-20,1483.1416015625,1495.949951171875,1503.925048828125,1490.0250244140625,1497.2249755859375,8411808
2024-08-21,1485.8433837890625,1498.675048828125,1507.875,1490.0,1493.25,7769996
2024-08-22,1485.2979736328125,1498.125,1506.5,1490.6500244140625,1503.0,10445782
2024-08-23,1487.1322021484375,1499.9749755859375,1511.324951171875,1498.425048828125,1503.75,9249654
2024-08-26,1499.6490478515625,1512.5999755859375,1523.0,1503.0,1506.9749755859375,8816114
2024-08-27,1487.6031494140625,1500.449951171875,1513.4749755859375,1499.449951171875,1510.5,6251156
2024-08-28,1485.4715576171875,1498.300048828125,1507.4749755859375,1493.0,1505.0,9610286
2024-08-29,1507.90283203125,1520.925048828125,1537.0,1494.0,1503.0999755859375,38335358
2024-08-30,1496.6995849609375,1509.625,1539.7249755859375,1503.324951171875,1534.0,41620730
2024-09-02,1503.267822265625,1516.25,1526.800048828125,1506.625,1510.875,11240852
2024-09-03,1496.203857421875,1509.125,1523.0,1507.5,1521.25,10923800
2024-09-04,1501.5823974609375,1514.550048828125,1517.5,1499.5,1500.699951171875,11983304
2024-09-05,1480.192138671875,1492.9749755859375,1525.7750244140625,1487.050048828125,1519.050048828125,16264168
2024-09-06,1452.2830810546875,1464.824951171875,1497.0,1461.625,1492.5,19394228
2024-09-09,1449.9283447265625,1462.449951171875,1469.925048828125,1455.5999755859375,1466.5,9010298
2024-09-10,1449.0113525390625,1461.5250244140625,1472.050048828125,1457.574951171875,1460.5,10768260
2024-09-11,1439.0721435546875,1451.5,1468.75,1447.550048828125,1463.050048828125,9760202
2024-09-12,1467.1298828125,1479.800048828125,1486.0,1445.875,1457.0,22349376
2024-09-13,1460.016357421875,1472.625,1483.1500244140625,1469.5,1476.4000244140625,8711328
2024-09-16,1458.752197265625,1471.3499755859375,1480.9000244140625,1464.75,1477.550048828125,5481774
2024-09-17,1459.6942138671875,1472.300048828125,1477.4749755859375,1466.625,1474.0,5935328
2024-09-18,1450.919921875,1463.449951171875,1482.0,1460.550048828125,1470.0,8574714
2024-09-19,1457.0916748046875,1469.675048828125,1476.5,1455.550048828125,1466.25,16955902
2024-09-20,1473.2025146484375,1485.925048828125,1495.0,1471.375,1474.0,30897320
2024-09-23,1480.5887451171875,1493.375,1501.5,1488.949951171875,1491.0,8832314
2024-09-24,1476.6229248046875,1489.375,1500.5,1487.875,1488.5,17137444
2024-09-25,1481.15869140625,1493.949951171875,1496.5,1480.199951171875,1483.9000244140625,7069002
2024-09-26,1485.12451171875,1497.949951171875,1504.0,1488.050048828125,1490.6500244140625,18818998
2024-09-27,1513.10791015625,1526.175048828125,1533.4749755859375,1492.0,1499.0,20597478
2024-09-30,1463.9324951171875,1476.574951171875,1524.9749755859375,1474.4000244140625,1519.4000244140625,27008814
2024-10-01,1452.2830810546875,1464.824951171875,1487.949951171875,1462.824951171875,1480.6500244140625,16431642
2024-10-03,1394.928466796875,1406.9749755859375,1449.4000244140625,1402.074951171875,1436.574951171875,37757294
2024-10-04,1374.653564453125,1386.5250244140625,1417.3499755859375,1381.7750244140625,1403.925048828125,37072876
2024-10-07,1358.9888916015625,1370.7249755859375,1396.5,1361.375,1393.5,22181340
2024-10-08,1385.3858642578125,1397.3499755859375,1401.0,1365.0999755859375,1372.9749755859375,17020808
2024-10-09,1362.8306884765625,1374.5999755859375,1400.9749755859375,1372.5,1397.5250244140625,14310610
2024-10-10,1359.31103515625,1371.050048828125,1386.0,1369.425048828125,1380.0250244140625,22358646
2024-10-11,1360.35205078125,1372.0999755859375,1383.2750244140625,1368.824951171875,1370.0,7980122
2024-10-14,1360.7734375,1372.5250244140625,1380.074951171875,1368.25,1379.449951171875,12221432
2024-10-15,1332.5174560546875,1344.0250244140625,1371.699951171875,1340.699951171875,1358.5250244140625,33762794
2024-10-16,1342.4813232421875,1354.074951171875,1364.0,1337.625,1340.0,20034438
2024-10-17,1344.811279296875,1356.425048828125,1368.449951171875,1352.050048828125,1365.699951171875,15543660
2024-10-18,1347.66162109375,1359.300048828125,1368.425048828125,1341.324951171875,1352.175048828125,12082452
2024-10-21,1357.476806640625,1369.199951171875,1374.0,1357.7249755859375,1367.125,14067408
2024-10-22,1331.8482666015625,1343.3499755859375,1376.0,1340.2249755859375,1369.199951171875,15831960
2024-10-23,1327.0645751953125,1338.5250244140625,1357.4749755859375,1335.0,1337.5,17214742
2024-10-24,1328.3287353515625,1339.800048828125,1343.699951171875,1323.125,1335.2750244140625,22155934
2024-10-25,1316.4808349609375,1327.8499755859375,1344.3499755859375,1322.0,1343.5,18597496
2024-10-28,1322.9251708984375,1334.3499755859375,1353.0,1322.0999755859375,1337.0,10824350
2024-10-29,1328.52685546875,1340.0,1343.199951171875,1320.300048828125,1328.0999755859375,12008361
2024-10-30,1332.3935546875,1343.9000244140625,1350.0,1325.3499755859375,1335.0,11984423
2024-10-31,1320.64501953125,1332.050048828125,1343.0,1326.1500244140625,1340.0,9331650
2024-11-01,1327.1884765625,1338.6500244140625,1341.949951171875,1333.0,1333.050048828125,2127335
2024-11-04,1291.0009765625,1302.1500244140625,1340.0,1285.0999755859375,1337.8499755859375,19796890
2024-11-05,1294.1240234375,1305.300048828125,1309.550048828125,1286.1500244140625,1293.0,16267479
2024-11-06,1314.002197265625,1325.3499755859375,1328.300048828125,1300.199951171875,1310.0,21625209
2024-11-07,1294.470947265625,1305.6500244140625,1324.0,1302.5999755859375,1324.0,9611974
2024-11-08,1272.758544921875,1283.75,1301.6500244140625,1275.0,1297.6500244140625,19814406
2024-11-11,1261.802978515625,1272.699951171875,1286.0,1267.0,1278.949951171875,9056552
2024-11-12,1263.33984375,1274.25,1289.300048828125,1267.5,1275.550048828125,10671091
2024-11-13,1241.3299560546875,1252.050048828125,1275.449951171875,1249.5,1270.25,14633633
2024-11-14,1256.746826171875,1267.5999755859375,1272.5999755859375,1251.0999755859375,1253.5999755859375,12612633
2024-11-18,1249.9554443359375,1260.75,1272.9000244140625,1243.9000244140625,1267.5999755859375,13620611
2024-11-19,1231.0189208984375,1241.6500244140625,1281.5,1235.1500244140625,1260.75,14183746
2024-11-21,1212.528564453125,1223.0,1243.949951171875,1217.25,1241.6500244140625,19433843
2024-11-22,1254.565673828125,1265.4000244140625,1268.8499755859375,1222.449951171875,1229.4000244140625,20471957
2024-11-25,1275.9805908203125,1287.0,1304.449951171875,1282.449951171875,1290.0,28923341
2024-11-26,1284.6060791015625,1295.699951171875,1297.8499755859375,1284.199951171875,1294.949951171875,9247557
2024-11-27,1282.1275634765625,1293.199951171875,1303.8499755859375,1286.0,1293.5,9572746
2024-11-28,1259.91943359375,1270.800048828125,1296.5999755859375,1269.050048828125,1289.949951171875,15027412
2024-11-29,1281.1361083984375,1292.199951171875,1299.5,1275.25,1280.0,13202307
2024-12-02,1297.9410400390625,1309.1500244140625,1311.3499755859375,1277.050048828125,1288.0,11024152
2024-12-03,1311.969970703125,1323.300048828125,1326.800048828125,1307.0,1317.0,16869482
2024-12-04,1297.74267578125,1308.949951171875,1328.4000244140625,1304.050048828125,1326.0,19608540
2024-12-05,1310.7305908203125,1322.050048828125,1329.949951171875,1306.1500244140625,1314.3499755859375,16858723
2024-12-06,1300.320556640625,1311.550048828125,1323.9000244140625,1310.0,1323.9000244140625,9037514
2024-12-09,1284.0609130859375,1295.1500244140625,1315.0,1293.0999755859375,1303.0,14650002
2024-12-10,1273.8489990234375,1284.8499755859375,1294.9000244140625,1280.199951171875,1289.25,16043729
2024-12-11,1267.2559814453125,1278.199951171875,1290.0,1276.050048828125,1285.0,11724373
2024-12-12,1252.0870361328125,1262.9000244140625,1278.199951171875,1260.5999755859375,1270.0,20906813
2024-12-13,1261.9517822265625,1272.8499755859375,1275.199951171875,1239.5999755859375,1260.0,28630222
2024-12-16,1257.4407958984375,1268.300048828125,1281.0,1266.550048828125,1275.0,9486781
2024-12-17,1234.6378173828125,1245.300048828125,1263.9000244140625,1242.800048828125,1261.050048828125,17462791
2024-12-18,1242.5196533203125,1253.25,1259.949951171875,1240.6500244140625,1240.6500244140625,12670179
2024-12-19,1219.914794921875,1230.449951171875,1244.9000244140625,1229.0,1239.0,14244653
2024-12-20,1194.9803466796875,1205.300048828125,1239.5,1201.5,1224.0,20312896
2024-12-23,1211.834716796875,1222.300048828125,1227.199951171875,1213.199951171875,1215.0,10052824
2024-12-24,1212.2808837890625,1222.75,1233.550048828125,1221.0,1222.300048828125,6734917
2024-12-26,1206.1339111328125,1216.550048828125,1227.699951171875,1214.25,1224.25,10016178
2024-12-27,1210.595458984375,1221.050048828125,1227.9000244140625,1217.0,1218.300048828125,7000397
2024-12-30,1200.3338623046875,1210.699951171875,1223.199951171875,1208.0999755859375,1216.4000244140625,8818766
2024-12-31,1205.043212890625,1215.449951171875,1219.0999755859375,1206.1500244140625,1208.0,6405475
2025-01-01,1210.7935791015625,1221.25,1226.300048828125,1211.5999755859375,1214.8499755859375,5892590
2025-01-02,1231.167724609375,1241.800048828125,1244.449951171875,1220.0,1221.25,15486276
2025-01-03,1240.4376220703125,1251.1500244140625,1262.050048828125,1235.5,1243.9000244140625,15521102
2025-01-06,1207.571533203125,1218.0,1262.0,1215.0,1253.949951171875,14816766
2025-01-07,1230.2257080078125,1240.8499755859375,1244.5,1221.25,1222.0,10070505
2025-01-08,1254.664794921875,1265.5,1271.050048828125,1245.3499755859375,1249.0,19346579
2025-01-09,1244.0068359375,1254.75,1269.75,1248.050048828125,1267.0,12794704
2025-01-10,1231.266845703125,1241.9000244140625,1256.75,1236.0,1253.8499755859375,8120332
2025-01-13,1229.234375,1239.8499755859375,1245.25,1226.4000244140625,1230.0,13764861
2025-01-14,1228.143798828125,1238.75,1253.3499755859375,1227.25,1244.0999755859375,13095266
2025-01-15,1241.478515625,1252.199951171875,1257.0,1241.8499755859375,1244.949951171875,9578856
2025-01-16,1255.6065673828125,1266.449951171875,1275.0,1251.300048828125,1258.9000244140625,14117603
2025-01-17,1291.19921875,1302.3499755859375,1326.0,1285.0,1322.25,29366277
2025-01-20,1294.272705078125,1305.449951171875,1316.0,1300.25,1316.0,14040244
2025-01-21,1262.7945556640625,1273.699951171875,1313.0,1270.199951171875,1310.5,14562976
2025-01-22,1266.16552734375,1277.0999755859375,1282.9000244140625,1268.699951171875,1278.300048828125,10273590
2025-01-23,1252.8306884765625,1263.6500244140625,1277.3499755859375,1261.5999755859375,1270.0,8720682
2025-01-24,1235.6292724609375,1246.300048828125,1273.0,1243.5,1266.0,14235970
2025-01-27,1218.82421875,1229.3499755859375,1240.449951171875,1220.0,1239.0999755859375,9536019
2025-01-28,1223.8310546875,1234.4000244140625,1244.75,1218.5,1238.0,10568025
2025-01-29,1224.921630859375,1235.5,1242.75,1228.050048828125,1236.0,5928156
2025-01-30,1242.3214111328125,1253.050048828125,1257.0,1232.4000244140625,1235.550048828125,9269259
2025-01-31,1254.2681884765625,1265.0999755859375,1267.0,1249.0,1255.8499755859375,6584612
2025-02-01,1253.7724609375,1264.5999755859375,1270.550048828125,1241.0,1265.0999755859375,7118453
2025-02-03,1235.232666015625,1245.9000244140625,1256.0,1237.550048828125,1251.0,9252345
2025-02-04,1274.196044921875,1285.199951171875,1288.800048828125,1246.5999755859375,1248.050048828125,16691069
2025-02-05,1267.2559814453125,1278.199951171875,1290.5,1276.699951171875,1282.6500244140625,10112028
2025-02-06,1270.577392578125,1281.550048828125,1288.0,1270.3499755859375,1273.699951171875,9956001
2025-02-07,1255.8544921875,1266.699951171875,1283.699951171875,1262.0,1276.1500244140625,8764283
2025-02-10,1242.916259765625,1253.6500244140625,1266.5,1245.550048828125,1264.5,6970972
2025-02-11,1224.2772216796875,1234.8499755859375,1264.550048828125,1230.0999755859375,1264.550048828125,8859714
2025-02-12,1206.1339111328125,1216.550048828125,1226.9000244140625,1193.3499755859375,1219.449951171875,21131654
2025-02-13,1205.6876220703125,1216.0999755859375,1228.0,1212.0,1217.050048828125,8511216
2025-02-14,1206.827880859375,1217.25,1224.0,1205.449951171875,1219.0,10298145
2025-02-17,1214.4124755859375,1224.9000244140625,1227.5,1204.5,1211.0999755859375,8166683
2025-02-18,1214.908203125,1225.4000244140625,1229.9000244140625,1216.0999755859375,1224.8499755859375,6673250
2025-02-19,1216.9404296875,1227.449951171875,1232.75,1217.550048828125,1219.5,6217338
2025-02-20,1222.4429931640625,1233.0,1239.3499755859375,1222.0,1223.949951171875,7795582
2025-02-21,1217.634521484375,1228.1500244140625,1240.0,1222.1500244140625,1228.699951171875,6904025
2025-02-24,1204.151123046875,1214.550048828125,1223.25,1210.5,1216.550048828125,7172498
2025-02-25,1193.69140625,1204.0,1221.0,1201.5,1211.0,11552182
2025-02-27,1196.7647705078125,1207.0999755859375,1215.0,1200.6500244140625,1212.800048828125,11509215
2025-02-28,1189.82470703125,1200.0999755859375,1217.3499755859375,1193.300048828125,1202.0,23007298
2025-03-03,1161.2216796875,1171.25,1206.449951171875,1156.0,1204.0,17944938
2025-03-04,1151.9517822265625,1161.9000244140625,1174.0,1159.550048828125,1162.199951171875,11377373
2025-03-05,1165.534423828125,1175.5999755859375,1183.0,1157.0,1161.0,8664095
2025-03-06,1199.2432861328125,1209.5999755859375,1213.949951171875,1185.1500244140625,1197.0,14468014
2025-03-07,1239.0992431640625,1249.800048828125,1254.800048828125,1212.0,1216.0,16474965
2025-03-10,1227.796875,1238.4000244140625,1258.0,1235.4000244140625,1245.0,11931051
2025-03-11,1236.62060546875,1247.300048828125,1249.5,1229.75,1240.0,10089838
2025-03-12,1246.2872314453125,1257.050048828125,1263.0,1244.0,1258.0,11977555
2025-03-13,1237.2154541015625,1247.9000244140625,1264.1500244140625,1243.8499755859375,1260.050048828125,9505270
2025-03-17,1228.242919921875,1238.8499755859375,1257.4000244140625,1233.0999755859375,1242.1500244140625,16640917
2025-03-18,1228.242919921875,1238.8499755859375,1238.8499755859375,1238.8499755859375,1238.8499755859375,0
2025-03-19,1236.471923828125,1247.1500244140625,1253.25,1238.800048828125,1241.050048828125,16162399
2025-03-20,1258.283447265625,1269.1500244140625,1273.0,1250.050048828125,1251.8499755859375,15971477
2025-03-21,1265.421875,1276.3499755859375,1281.0,1270.0999755859375,1275.0,21780769
2025-03-24,1290.951416015625,1302.0999755859375,1306.0,1284.25,1291.0,20299319
2025-03-25,1274.4439697265625,1285.449951171875,1307.699951171875,1282.5999755859375,1307.699951171875,13713899
2025-03-26,1262.150146484375,1273.050048828125,1293.800048828125,1268.75,1291.0,12074747
2025-03-27,1267.2559814453125,1278.199951171875,1285.0,1271.300048828125,1278.1500244140625,15028056
2025-03-28,1264.1824951171875,1275.0999755859375,1295.75,1269.0,1280.0,18147129
2025-04-01,1241.8751220703125,1252.5999755859375,1277.9000244140625,1249.300048828125,1264.5999755859375,12099648
2025-04-02,1240.4376220703125,1251.1500244140625,1255.550048828125,1243.9000244140625,1247.550048828125,10142590
2025-04-03,1238.008544921875,1248.699951171875,1251.800048828125,1233.050048828125,1233.050048828125,7434366
2025-04-04,1194.38525390625,1204.699951171875,1245.449951171875,1193.1500244140625,1241.0999755859375,17908652
2025-04-07,1155.71923828125,1165.699951171875,1171.25,1114.8499755859375,1132.199951171875,22156106
2025-04-08,1172.0780029296875,1182.199951171875,1196.5999755859375,1163.300048828125,1172.0,19555040
2025-04-09,1175.2010498046875,1185.3499755859375,1189.800048828125,1168.0,1169.5,10223104
2025-04-11,1208.5133056640625,1218.949951171875,1222.6500244140625,1195.1500244140625,1195.1500244140625,11224242
2025-04-15,1229.4822998046875,1240.0999755859375,1251.0,1237.0999755859375,1251.0,13378535
2025-04-16,1228.689208984375,1239.300048828125,1240.9000244140625,1229.0,1234.0999755859375,8248464
2025-04-17,1263.5877685546875,1274.5,1280.199951171875,1227.5999755859375,1240.199951171875,15398401
2025-04-21,1284.407958984375,1295.5,1300.9000244140625,1267.0,1270.0,10429964
2025-04-22,1280.1446533203125,1291.199951171875,1303.9000244140625,1286.300048828125,1300.0,13051707
2025-04-23,1288.869384765625,1300.0,1306.0,1285.4000244140625,1297.0,10480888
2025-04-24,1290.4556884765625,1301.5999755859375,1304.5,1290.300048828125,1292.4000244140625,10468940
2025-04-25,1289.2659912109375,1300.4000244140625,1325.199951171875,1288.0999755859375,1303.5,14431012
2025-04-28,1357.080322265625,1368.800048828125,1374.5999755859375,1320.199951171875,1340.0,31104496
2025-04-29,1387.7156982421875,1399.699951171875,1410.9000244140625,1370.0,1371.0,32538970
2025-04-30,1392.9703369140625,1405.0,1412.4000244140625,1369.0,1402.0,25480745
2025-05-02,1407.6436767578125,1419.800048828125,1426.699951171875,1409.0999755859375,1414.0,13007841
2025-05-05,1419.0452880859375,1431.300048828125,1439.5,1426.9000244140625,1431.0,12685649
2025-05-06,1408.7342529296875,1420.9000244140625,1432.0,1410.5999755859375,1431.0,14084117
2025-05-07,1393.9617919921875,1406.0,1424.4000244140625,1402.699951171875,1420.9000244140625,13440169
2025-05-08,1394.9532470703125,1407.0,1420.800048828125,1398.0,1404.0999755859375,16106175
2025-05-09,1365.408447265625,1377.199951171875,1394.800048828125,1374.5,1385.5,13668904
2025-05-12,1424.20068359375,1436.5,1439.0,1400.0,1400.0,10674081
2025-05-13,1403.5787353515625,1415.699951171875,1447.699951171875,1412.4000244140625,1433.5,11407896
2025-05-14,1412.2042236328125,1424.4000244140625,1429.9000244140625,1415.5,1420.0,5570160
2025-05-15,1441.7491455078125,1454.199951171875,1461.4000244140625,1412.699951171875,1425.0,20177211
2025-05-16,1443.9302978515625,1456.4000244140625,1461.0,1447.300048828125,1453.199951171875,9036695
2025-05-19,1428.4638671875,1440.800048828125,1454.5999755859375,1438.199951171875,1452.0999755859375,6195791
2025-05-20,1412.402587890625,1424.5999755859375,1445.0,1421.800048828125,1438.199951171875,11270560
2025-05-21,1416.963134765625,1429.199951171875,1436.199951171875,1418.0999755859375,1423.9000244140625,6136364
2025-05-22,1397.332763671875,1409.4000244140625,1423.800048828125,1396.9000244140625,1421.199951171875,12134466
2025-05-23,1414.5838623046875,1426.800048828125,1433.800048828125,1406.5999755859375,1406.5999755859375,6474883
2025-05-26,1422.5152587890625,1434.800048828125,1441.0,1425.0999755859375,1432.0,4842944
2025-05-27,1409.9239501953125,1422.0999755859375,1437.0,1413.9000244140625,1426.0999755859375,12640414
2025-05-28,1400.802734375,1412.9000244140625,1422.5999755859375,1410.699951171875,1420.0999755859375,5944611
2025-05-29,1405.660888671875,1417.800048828125,1420.0,1408.5999755859375,1412.0999755859375,13771917
2025-05-30,1408.7342529296875,1420.9000244140625,1430.5999755859375,1409.699951171875,1418.0,13788484
2025-06-02,1401.5958251953125,1413.699951171875,1417.5,1395.5999755859375,1412.0999755859375,8098668
2025-06-03,1393.4661865234375,1405.5,1426.5,1403.4000244140625,1422.300048828125,11252626
2025-06-04,1411.31201171875,1423.5,1425.699951171875,1406.0999755859375,1414.699951171875,8126827
2025-06-05,1430.0501708984375,1442.4000244140625,1454.699951171875,1423.5999755859375,1428.0,13716817
2025-06-06,1431.1407470703125,1443.5,1451.5,1437.0,1441.0,8182161
2025-06-09,1436.3953857421875,1448.800048828125,1457.5,1445.300048828125,1457.0,7885125
2025-06-10,1426.1834716796875,1438.5,1453.9000244140625,1436.0,1450.0,7913181
2025-06-11,1436.4945068359375,1448.9000244140625,1468.5999755859375,1443.0999755859375,1445.800048828125,8195700
2025-06-12,1429.257080078125,1441.5999755859375,1457.0,1434.4000244140625,1453.5,8828114
2025-06-13,1415.67431640625,1427.9000244140625,1435.5,1414.300048828125,1424.0,9757276
2025-06-16,1425.4896240234375,1437.800048828125,1442.4000244140625,1424.4000244140625,1426.9000244140625,8458093
2025-06-17,1418.946044921875,1431.199951171875,1448.0,1425.800048828125,1448.0,10366599
2025-06-18,1417.85546875,1430.0999755859375,1442.800048828125,1425.699951171875,1430.0,6681735
2025-06-19,1421.0281982421875,1433.300048828125,1439.9000244140625,1425.699951171875,1430.0999755859375,10007230
2025-06-20,1453.6463623046875,1466.199951171875,1471.0,1428.0999755859375,1431.0,29010635
2025-06-23,1444.326904296875,1456.800048828125,1463.800048828125,1442.0,1453.0,5989078
2025-06-24,1438.3782958984375,1450.800048828125,1475.0,1443.0999755859375,1465.0,16402744
2025-06-25,1454.737060546875,1467.300048828125,1472.4000244140625,1460.5,1464.0,7525851
2025-06-26,1482.497314453125,1495.300048828125,1498.800048828125,1465.0999755859375,1469.0999755859375,14657893
2025-06-27,1502.4251708984375,1515.4000244140625,1522.0,1496.9000244140625,1499.4000244140625,11117052
2025-06-30,1487.7518310546875,1500.5999755859375,1524.800048828125,1496.0,1513.800048828125,8409527
2025-07-01,1515.3138427734375,1528.4000244140625,1531.4000244140625,1500.0999755859375,1500.5999755859375,10368523
2025-07-02,1505.7960205078125,1518.800048828125,1530.0,1508.699951171875,1528.4000244140625,6361002
2025-07-03,1504.8046875,1517.800048828125,1531.9000244140625,1513.0,1520.800048828125,11283291
2025-07-04,1514.223388671875,1527.300048828125,1530.0,1517.199951171875,1524.0,6603501
2025-07-07,1528.3016357421875,1541.5,1544.800048828125,1525.0,1526.5999755859375,7251074
2025-07-08,1524.4349365234375,1537.5999755859375,1544.9000244140625,1530.199951171875,1536.0,7171261
2025-07-09,1505.9942626953125,1519.0,1551.0,1510.0999755859375,1536.699951171875,8870660
2025-07-10,1504.2095947265625,1517.199951171875,1524.699951171875,1507.5,1519.699951171875,10047129
2025-07-11,1482.3980712890625,1495.199951171875,1515.0,1490.300048828125,1512.0,7234991
2025-07-14,1470.9964599609375,1483.699951171875,1500.0,1479.0999755859375,1492.199951171875,10311846
2025-07-15,1472.6820068359375,1485.4000244140625,1496.5,1482.4000244140625,1486.199951171875,8132454
2025-07-16,1472.8802490234375,1485.5999755859375,1491.0,1471.5,1473.0,10409983
2025-07-17,1463.7591552734375,1476.4000244140625,1489.5999755859375,1473.9000244140625,1487.4000244140625,11854613
2025-07-18,1463.362548828125,1476.0,1484.800048828125,1469.0999755859375,1484.800048828125,10296318
2025-07-21,1416.3682861328125,1428.5999755859375,1476.0,1423.0999755859375,1465.0,22442744
2025-07-22,1400.70361328125,1412.800048828125,1431.9000244140625,1410.699951171875,1427.4000244140625,20396320
2025-07-23,1412.402587890625,1424.5999755859375,1426.0,1414.4000244140625,1426.0,8354596
2025-07-24,1390.888427734375,1402.9000244140625,1423.0,1396.0,1419.199951171875,14740507
2025-07-25,1379.7841796875,1391.699951171875,1401.0,1384.0999755859375,1398.9000244140625,11854722
2025-07-28,1375.71923828125,1387.5999755859375,1407.800048828125,1385.0,1392.300048828125,7748361
2025-07-29,1404.9666748046875,1417.0999755859375,1420.199951171875,1383.0,1383.0,10750072
2025-07-30,1398.026611328125,1410.0999755859375,1423.300048828125,1401.300048828125,1418.0999755859375,7209849
2025-07-31,1378.2969970703125,1390.199951171875,1402.5999755859375,1382.199951171875,1388.0999755859375,17065827
2025-08-01,1381.76708984375,1393.699951171875,1405.9000244140625,1384.300048828125,1386.9000244140625,10321171
2025-08-04,1399.4146728515625,1411.5,1416.0999755859375,1391.699951171875,1395.0999755859375,6312820
2025-08-05,1379.7841796875,1391.699951171875,1411.0,1388.0999755859375,1411.0,9315972
2025-08-06,1380.874755859375,1392.800048828125,1395.9000244140625,1383.300048828125,1391.9000244140625,5834312
2025-08-07,1377.5040283203125,1389.4000244140625,1393.699951171875,1366.0,1387.699951171875,9976705
2025-08-08,1356.0888671875,1367.800048828125,1397.199951171875,1365.0,1385.0,8793606
2025-08-11,1374.331298828125,1386.199951171875,1388.0,1361.199951171875,1370.0,9997486
2025-08-12,1368.5810546875,1380.4000244140625,1401.9000244140625,1375.199951171875,1381.9000244140625,12244664
2025-08-13,1370.7620849609375,1382.5999755859375,1391.800048828125,1377.5,1388.0,7457021
2025-08-14,1367.4774169921875,1373.800048828125,1380.699951171875,1370.0999755859375,1377.300048828125,7126128
2025-08-18,1375.3409423828125,1381.699951171875,1394.9000244140625,1377.0,1390.0,11785109
2025-08-19,1413.564208984375,1420.0999755859375,1421.0,1389.0999755859375,1390.0,14384719
2025-08-20,1406.4969482421875,1413.0,1424.9000244140625,1410.0,1413.0,8725641
2025-08-21,1418.24267578125,1424.800048828125,1431.9000244140625,1420.300048828125,1425.0,11021323
2025-08-22,1402.71435546875,1409.199951171875,1423.4000244140625,1407.9000244140625,1420.0,5818868
2025-08-25,1406.0987548828125,1412.5999755859375,1419.5,1405.699951171875,1414.699951171875,5979407
2025-08-26,1378.5262451171875,1384.9000244140625,1410.0,1381.5999755859375,1408.0,12145259
2025-08-28,1379.521728515625,1385.9000244140625,1392.199951171875,1366.5,1389.9000244140625,13161813
2025-08-29,1350.9537353515625,1357.199951171875,1403.5,1350.0,1381.0999755859375,18758842
2025-09-01,1347.6689453125,1353.9000244140625,1363.199951171875,1340.5999755859375,1356.0,11232238
2025-09-02,1360.2109375,1366.5,1384.5,1354.5,1354.800048828125,11517006
2025-09-03,1366.2828369140625,1372.5999755859375,1376.5,1360.5,1369.699951171875,7847563
2025-09-04,1353.0440673828125,1359.300048828125,1374.0,1357.0999755859375,1371.800048828125,13223177
2025-09-05,1368.671875,1375.0,1381.0,1359.300048828125,1363.0,5777575
2025-09-08,1372.15576171875,1378.5,1386.0,1372.4000244140625,1380.0,6986720
2025-09-09,1369.8662109375,1376.199951171875,1381.199951171875,1368.699951171875,1376.5999755859375,9754452
2025-09-10,1370.66259765625,1377.0,1388.5,1374.0999755859375,1383.9000244140625,7790815
2025-09-11,1376.9337158203125,1383.300048828125,1385.5,1375.0,1376.0,9766072
2025-09-12,1388.579833984375,1395.0,1396.300048828125,1380.5,1383.300048828125,7403368
2025-09-15,1392.8599853515625,1399.300048828125,1400.800048828125,1388.5999755859375,1393.0,5396697
2025-09-16,1398.8323974609375,1405.300048828125,1408.0,1398.199951171875,1404.699951171875,8686961
2025-09-17,1407.2933349609375,1413.800048828125,1416.199951171875,1406.9000244140625,1407.0,7519417
2025-09-18,1408.4876708984375,1415.0,1422.0,1410.699951171875,1420.4000244140625,9332642
2025-09-19,1400.9227294921875,1407.4000244140625,1417.0,1403.5999755859375,1414.9000244140625,13461373
2025-09-22,1384.199951171875,1390.5999755859375,1410.699951171875,1388.0,1403.9000244140625,7757970
2025-09-23,1383.40380859375,1389.800048828125,1395.0,1376.800048828125,1391.0,14014702
2025-09-24,1376.635009765625,1383.0,1396.0,1380.4000244140625,1385.300048828125,5922759
2025-09-25,1366.0838623046875,1372.4000244140625,1384.5,1369.0,1381.300048828125,11411143
2025-09-26,1371.2598876953125,1377.5999755859375,1382.699951171875,1366.0,1372.0,9879109
2025-09-29,1366.48193359375,1372.800048828125,1389.0,1368.0,1381.5999755859375,14231999
2025-09-30,1357.722412109375,1364.0,1377.0999755859375,1362.800048828125,1377.0999755859375,14604684
2025-10-01,1362.4007568359375,1368.699951171875,1378.5999755859375,1362.699951171875,1367.0,12045916
2025-10-03,1357.125244140625,1363.4000244140625,1371.5999755859375,1356.9000244140625,1363.199951171875,12842347
2025-10-06,1368.671875,1375.0,1377.4000244140625,1359.0,1360.0,12396580
2025-10-07,1378.4267578125,1384.800048828125,1395.9000244140625,1375.9000244140625,1376.0,11244040
2025-10-08,1361.1068115234375,1367.4000244140625,1389.0,1364.5,1384.800048828125,8525081
2025-10-09,1371.458984375,1377.800048828125,1380.0,1369.0999755859375,1374.0,8826633
2025-10-10,1375.3409423828125,1381.699951171875,1388.0,1375.0999755859375,1377.800048828125,6373084
2025-10-13,1368.671875,1375.0,1377.699951171875,1367.800048828125,1376.9000244140625,7600682
2025-10-14,1369.5677490234375,1375.9000244140625,1388.0,1370.0999755859375,1380.0,9768174
2025-10-15,1367.97509765625,1374.300048828125,1384.0,1372.699951171875,1383.0,10882743
2025-10-16,1391.8646240234375,1398.300048828125,1400.5,1375.0,1375.0999755859375,12315932
2025-10-17,1410.279541015625,1416.800048828125,1423.300048828125,1399.0999755859375,1401.0,19335561
2025-10-20,1460.04931640625,1466.800048828125,1473.800048828125,1433.300048828125,1440.0,24721978
2025-10-21,1458.4566650390625,1465.199951171875,1474.0,1460.0,1468.0,2066169
2025-10-23,1441.7340087890625,1448.4000244140625,1482.9000244140625,1444.5999755859375,1475.0,18707090
2025-10-24,1444.9193115234375,1451.5999755859375,1459.800048828125,1441.0,1450.0,9700837
2025-10-27,1477.2696533203125,1484.0999755859375,1485.0,1458.0,1463.0,14113867
2025-10-28,1480.056884765625,1486.9000244140625,1492.0,1477.5999755859375,1484.0999755859375,17631577
2025-10-29,1497.277099609375,1504.199951171875,1508.300048828125,1488.0999755859375,1490.0,11884745
2025-10-30,1481.6494140625,1488.5,1503.0999755859375,1484.0,1500.0,9318663
2025-10-31,1479.5592041015625,1486.4000244140625,1497.5,1482.300048828125,1490.4000244140625,8758053
2025-11-03,1477.866943359375,1484.699951171875,1495.0,1479.300048828125,1486.0,8452085
2025-11-04,1466.3203125,1473.0999755859375,1492.800048828125,1470.0999755859375,1483.9000244140625,10007806
2025-11-06,1489.2144775390625,1496.0999755859375,1501.5999755859375,1476.199951171875,1484.0,16772678
2025-11-07,1471.19775390625,1478.0,1498.4000244140625,1475.9000244140625,1494.5999755859375,7821765
2025-11-10,1482.44580078125,1489.300048828125,1501.0,1475.5,1477.9000244140625,7068438
2025-11-11,1486.5269775390625,1493.4000244140625,1498.800048828125,1480.199951171875,1497.0,7127506
2025-11-12,1504.5435791015625,1511.5,1524.699951171875,1500.0,1505.0,12384459
2025-11-13,1503.9464111328125,1510.9000244140625,1522.0999755859375,1506.800048828125,1515.0,7196443
2025-11-14,1511.9095458984375,1518.9000244140625,1520.9000244140625,1505.5,1505.5,7682823
2025-11-17,1511.3123779296875,1518.300048828125,1523.699951171875,1511.5,1520.9000244140625,5871416
2025-11-18,1512.4072265625,1519.4000244140625,1527.800048828125,1510.5,1521.699951171875,11045042
2025-11-19,1511.9095458984375,1518.9000244140625,1522.300048828125,1512.0,1517.4000244140625,5692366
2025-11-20,1541.9705810546875,1549.0999755859375,1550.9000244140625,1526.699951171875,1530.0,18171724
2025-11-21,1539.4820556640625,1546.5999755859375,1557.800048828125,1540.0999755859375,1541.0,9615271
2025-11-24,1528.831298828125,1535.9000244140625,1550.0,1531.800048828125,1550.0,18433951
2025-11-25,1532.61376953125,1539.699951171875,1559.5999755859375,1525.0999755859375,1535.9000244140625,15033482
2025-11-26,1562.6748046875,1569.9000244140625,1571.5999755859375,1540.5,1542.300048828125,14054299
2025-11-27,1556.2047119140625,1563.4000244140625,1575.5,1556.0,1575.0,9794643
2025-11-28,1560.285888671875,1567.5,1581.300048828125,1563.0,1568.0,8959508
2025-12-01,1558.892333984375,1566.0999755859375,1577.5,1563.5999755859375,1575.0,8920233
2025-12-02,1539.1834716796875,1546.300048828125,1567.5,1542.0,1561.0999755859375,11389150
2025-12-03,1531.718017578125,1538.800048828125,1552.4000244140625,1533.0,1545.199951171875,6090883
2025-12-04,1528.53271484375,1535.5999755859375,1560.5,1517.5999755859375,1536.0,11867930
2025-12-05,1533.5096435546875,1540.5999755859375,1545.800048828125,1520.5999755859375,1530.4000244140625,10183266
2025-12-08,1535.898681640625,1543.0,1551.0,1535.0,1539.199951171875,11301491
2025-12-09,1522.3612060546875,1529.4000244140625,1542.5,1520.0999755859375,1540.300048828125,11503971
2025-12-10,1529.8267822265625,1536.9000244140625,1547.5,1531.4000244140625,1534.0,7991629
2025-12-11,1537.889404296875,1545.0,1550.0,1524.0,1536.9000244140625,4706197
2025-12-12,1549.3365478515625,1556.5,1559.800048828125,1546.0999755859375,1550.800048828125,5106655
2025-12-15,1549.037841796875,1556.199951171875,1558.5999755859375,1546.5,1551.199951171875,5774543
2025-12-16,1535.201904296875,1542.300048828125,1551.699951171875,1538.800048828125,1545.0,11731856
2025-12-17,1537.292236328125,1544.4000244140625,1550.0,1539.300048828125,1550.0,7116649
2025-12-18,1537.292236328125,1544.4000244140625,1551.5,1535.199951171875,1535.199951171875,6580829
2025-12-19,1557.8968505859375,1565.0999755859375,1574.199951171875,1551.0,1554.4000244140625,13937275
2025-12-22,1568.1495361328125,1575.4000244140625,1577.5,1565.300048828125,1573.5,10184852
2025-12-23,1563.4710693359375,1570.699951171875,1580.9000244140625,1568.0999755859375,1580.9000244140625,7506564
2025-12-24,1551.0286865234375,1558.199951171875,1575.699951171875,1553.5999755859375,1572.699951171875,8815745
2025-12-26,1552.0240478515625,1559.199951171875,1561.0,1554.300048828125,1554.699951171875,2311495
2025-12-29,1538.4866943359375,1545.5999755859375,1558.0999755859375,1543.5999755859375,1554.9000244140625,5972105
2025-12-30,1532.71337890625,1539.800048828125,1553.5999755859375,1537.800048828125,1547.0,8815884
2025-12-31,1563.172607421875,1570.4000244140625,1577.0,1541.0,1541.0,5771830
2026-01-01,1568.3485107421875,1575.5999755859375,1592.5,1571.0999755859375,1573.699951171875,6408128
2026-01-02,1584.9718017578125,1592.300048828125,1594.5999755859375,1578.199951171875,1580.0,6602230
2026-01-05,1570.8370361328125,1578.0999755859375,1611.800048828125,1575.300048828125,1593.0,8704973
2026-01-06,1500.6614990234375,1507.5999755859375,1569.0,1496.300048828125,1569.0,27417125
2026-01-07,1497.277099609375,1504.199951171875,1520.0,1498.0,1510.0,11199340
2026-01-08,1463.831787109375,1470.5999755859375,1503.9000244140625,1468.800048828125,1500.0,16518684
2026-01-09,1468.51025390625,1475.300048828125,1479.9000244140625,1465.0,1465.0,8335311
2026-01-12,1476.373779296875,1483.199951171875,1485.300048828125,1451.0,1475.300048828125,8883745
2026-01-13,1446.11376953125,1452.800048828125,1485.800048828125,1444.699951171875,1485.0,13499760
2026-01-14,1452.086181640625,1458.800048828125,1467.0,1440.199951171875,1444.0,8321764
2026-01-15,1452.086181640625,1458.800048828125,1458.800048828125,1458.800048828125,1458.800048828125,0
2026-01-16,1451.1903076171875,1457.9000244140625,1480.0,1455.0999755859375,1458.800048828125,17167161
2026-01-19,1407.0941162109375,1413.5999755859375,1450.5999755859375,1403.300048828125,1450.5999755859375,20392765
2026-01-20,1387.5843505859375,1394.0,1416.0,1390.0,1410.699951171875,13189498
2026-01-21,1398.1356201171875,1404.5999755859375,1412.9000244140625,1373.0,1389.5,17352720
2026-01-22,1396.0452880859375,1402.5,1419.5,1395.0,1410.0999755859375,15721693
2026-01-23,1379.720703125,1386.0999755859375,1407.0,1381.0,1401.800048828125,9837802
2026-01-27,1374.146484375,1380.5,1391.5999755859375,1368.0,1380.0,26302396
2026-01-28,1390.2718505859375,1396.699951171875,1409.9000244140625,1384.9000244140625,1385.0,11121657
2026-01-29,1384.59814453125,1391.0,1402.9000244140625,1384.0,1402.9000244140625,20846683
2026-01-30,1388.9779052734375,1395.4000244140625,1398.0,1378.5,1382.5999755859375,11239835
2026-02-02,1384.0009765625,1390.4000244140625,1392.9000244140625,1335.5,1340.0,15711165
2026-02-03,1430.4859619140625,1437.0999755859375,1489.5,1430.199951171875,1473.9000244140625,25456171
2026-02-04,1450.095458984375,1456.800048828125,1464.0,1440.300048828125,1444.0,8333387
2026-02-05,1436.757080078125,1443.4000244140625,1461.5,1439.5,1457.0,11763658
2026-02-06,1444.123046875,1450.800048828125,1452.800048828125,1433.5,1441.5,8277304
2026-02-09,1454.873291015625,1461.5999755859375,1465.9000244140625,1453.0,1458.0,5775864
2026-02-10,1451.7874755859375,1458.5,1471.0,1452.199951171875,1471.0,10259630
2026-02-11,1461.9405517578125,1468.699951171875,1470.0,1453.5999755859375,1459.5999755859375,7106877
2026-02-12,1442.231689453125,1448.9000244140625,1473.0,1445.5,1470.0,11135399
2026-02-13,1413.0665283203125,1419.5999755859375,1450.699951171875,1416.300048828125,1445.5,10755693
2026-02-16,1430.4859619140625,1437.0999755859375,1439.5999755859375,1409.300048828125,1420.0999755859375,5896514
2026-02-17,1416.450927734375,1423.0,1431.800048828125,1418.5999755859375,1431.0999755859375,10731630
2026-02-18,1434.666748046875,1441.300048828125,1442.0999755859375,1419.199951171875,1427.0,5521096
2026-02-19,1403.0130615234375,1409.5,1443.0,1400.0,1443.0,11884664
2026-02-20,1412.8675537109375,1419.4000244140625,1427.4000244140625,1406.0999755859375,1409.5,8177670
2026-02-23,1421.4278564453125,1428.0,1434.9000244140625,1418.300048828125,1425.0,7758856
2026-02-24,1422.2242431640625,1428.800048828125,1433.300048828125,1415.0,1425.300048828125,12529409
2026-02-25,1392.063720703125,1398.5,1440.5,1393.5,1435.0,10728792
2026-02-26,1400.3255615234375,1406.800048828125,1412.9000244140625,1391.9000244140625,1398.5,16683858
2026-02-27,1387.48486328125,1393.9000244140625,1410.4000244140625,1388.0999755859375,1398.0,12031440
2026-03-02,1351.75,1358.0,1378.5999755859375,1341.5,1375.5,23728722
2026-03-04,1338.8099365234375,1345.0,1352.800048828125,1307.0,1330.0,32495007
2026-03-05,1383.005615234375,1389.4000244140625,1399.0,1353.0999755859375,1353.0999755859375,25957532
2026-03-06,1398.334716796875,1404.800048828125,1424.300048828125,1390.300048828125,1396.5,19311971
2026-03-09,1417.4462890625,1424.0,1429.4000244140625,1370.0,1375.0,24870822
2026-03-10,1402.3162841796875,1408.800048828125,1431.5,1400.5999755859375,1430.5999755859375,18071259
2026-03-11,1383.8017578125,1390.199951171875,1434.0,1383.5999755859375,1424.9000244140625,21848087
2026-03-12,1385.7926025390625,1392.199951171875,1410.9000244140625,1381.0999755859375,1390.0,20939959
2026-03-13,1374.3455810546875,1380.699951171875,1400.800048828125,1378.4000244140625,1385.199951171875,17265090
2026-03-16,1388.6793212890625,1395.0999755859375,1397.300048828125,1363.5,1380.0,22837802
2026-03-17,1391.167724609375,1397.5999755859375,1405.9000244140625,1388.199951171875,1399.0,19007744
2026-03-18,1401.6195068359375,1408.0999755859375,1412.9000244140625,1397.199951171875,1397.199951171875,9559327
2026-03-19,1378.4267578125,1384.800048828125,1415.699951171875,1376.0999755859375,1388.0,16498373
2026-03-20,1407.8905029296875,1414.4000244140625,1430.0,1396.0999755859375,1398.0,22994918
2026-03-23,1401.3209228515625,1407.800048828125,1415.5999755859375,1391.0,1400.0,18979554
2026-03-24,1405.302490234375,1411.800048828125,1422.4000244140625,1406.5999755859375,1420.0,18620893
2026-03-25,1406.596435546875,1413.0999755859375,1430.5,1408.4000244140625,1420.0,19041331
2026-03-27,1341.8956298828125,1348.0999755859375,1404.699951171875,1345.0,1401.0,23266517
2026-03-30,1337.7149658203125,1343.9000244140625,1365.0,1334.0999755859375,1335.0,24393861
2026-04-01,1362.8984375,1369.199951171875,1384.4000244140625,1362.9000244140625,1384.199951171875,14404619
2026-04-02,1344.2845458984375,1350.5,1358.199951171875,1328.0,1357.0,21280051
2026-04-06,1298.6953125,1304.699951171875,1359.0,1290.0,1359.0,29274881
2026-04-07,1298.5958251953125,1304.5999755859375,1308.300048828125,1291.0,1295.0,28388922
2026-04-08,1341.5970458984375,1347.800048828125,1350.5999755859375,1326.199951171875,1349.0,21817543
2026-04-09,1323.87890625,1330.0,1350.0,1326.300048828125,1346.0,20725390
2026-04-10,1343.9859619140625,1350.199951171875,1352.300048828125,1331.5,1337.0,19364461
2026-04-13,1309.0474853515625,1315.0999755859375,1327.5999755859375,1310.0,1321.199951171875,28753269
2026-04-15,1337.9140625,1344.0999755859375,1347.0,1334.199951171875,1337.0,15313779
2026-04-16,1337.1177978515625,1343.300048828125,1353.800048828125,1330.0,1352.0,30211012
2026-04-17,1358.7178955078125,1365.0,1368.4000244140625,1340.0,1340.0,13869105
2026-04-20,1357.0257568359375,1363.300048828125,1373.0,1352.800048828125,1363.199951171875,13614733
2026-04-21,1347.07177734375,1353.300048828125,1369.800048828125,1350.0999755859375,1359.0,27293629
2026-04-22,1355.8311767578125,1362.0999755859375,1366.0,1349.0999755859375,1350.300048828125,9525953
2026-04-23,1337.21728515625,1343.4000244140625,1355.5,1340.699951171875,1346.0,16385079
2026-04-24,1321.6890869140625,1327.800048828125,1345.9000244140625,1325.0,1340.0,11744802
2026-04-27,1359.51416015625,1365.800048828125,1371.5999755859375,1311.0,1313.0,24673098
2026-04-28,1382.5078125,1388.9000244140625,1395.199951171875,1357.0,1358.0,41027699
2026-04-29,1418.83984375,1425.4000244140625,1433.800048828125,1391.300048828125,1392.0,30542143
2026-04-30,1424.215087890625,1430.800048828125,1437.0,1393.0999755859375,1409.0,30957881
2026-05-01,1424.215087890625,1430.800048828125,1430.800048828125,1430.800048828125,1430.800048828125,0
2026-05-04,1456.3663330078125,1463.0999755859375,1467.4000244140625,1433.4000244140625,1433.4000244140625,24035700
2026-05-05,1456.864013671875,1463.5999755859375,1473.4000244140625,1450.0,1460.0,23543341
2026-05-06,1431.2823486328125,1437.9000244140625,1473.300048828125,1427.5,1463.0,14221786
2026-05-07,1429.590087890625,1436.199951171875,1449.5,1430.300048828125,1438.800048828125,19816903
2026-05-08,1428.5947265625,1435.199951171875,1442.800048828125,1417.5,1426.0,8663105
2026-05-11,1381.81103515625,1388.199951171875,1428.0,1382.0,1420.0,15261787
2026-05-12,1357.722412109375,1364.0,1393.5,1360.300048828125,1392.0,24357500
2026-05-13,1352.54638671875,1358.800048828125,1372.4000244140625,1352.4000244140625,1361.4000244140625,13797989
2026-05-14,1355.5325927734375,1361.800048828125,1378.0,1358.4000244140625,1365.199951171875,17303059
2026-05-15,1330.24951171875,1336.4000244140625,1364.800048828125,1329.199951171875,1356.800048828125,19976192
2026-05-18,1329.7518310546875,1335.9000244140625,1342.0,1318.699951171875,1334.0,13022473
2026-05-19,1316.6124267578125,1322.699951171875,1344.0,1318.4000244140625,1338.699951171875,21665501
2026-05-20,1353.442138671875,1359.699951171875,1362.9000244140625,1312.5999755859375,1318.699951171875,13248515
2026-05-21,1343.388671875,1349.5999755859375,1370.9000244140625,1345.199951171875,1367.199951171875,17150630
2026-05-22,1348.26611328125,1354.5,1367.4000244140625,1349.0999755859375,1350.0,7105813
2026-05-25,1360.7086181640625,1367.0,1371.0999755859375,1357.0,1366.800048828125,6750071
2026-05-26,1350.0579833984375,1356.300048828125,1368.5,1352.4000244140625,1360.0999755859375,13769747
2026-05-27,1344.2845458984375,1350.5,1361.0,1348.5999755859375,1353.0,13215138
2026-05-28,1344.2845458984375,1350.5,1350.5,1350.5,1350.5,0
2026-05-29,1315.119384765625,1321.199951171875,1369.0,1317.0,1364.0,42634247
2026-06-01,1313.9249267578125,1320.0,1335.5,1318.5,1332.5,10700603
2026-06-02,1308.5498046875,1314.5999755859375,1327.800048828125,1300.300048828125,1307.699951171875,23302785
2026-06-03,1307.15625,1313.199951171875,1324.0,1301.0,1315.0,20012293
2026-06-04,1297.699951171875,1303.699951171875,1311.199951171875,1293.0999755859375,1301.0,23474327
2026-06-05,1291.0,1291.0,1306.0,1288.0,1304.5,17785223
2026-06-08,1263.300048828125,1263.300048828125,1282.5999755859375,1259.199951171875,1277.0,16494759
2026-06-09,1269.199951171875,1269.199951171875,1274.199951171875,1257.5,1269.0,23620214
2026-06-10,1258.800048828125,1258.800048828125,1300.5,1254.4000244140625,1275.0,21012796
2026-06-11,1263.0,1263.0,1276.0,1253.199951171875,1258.0,13117486
2026-06-12,1293.0,1293.0,1297.0,1262.5,1277.0,11988785
2026-06-15,1307.0,1307.0,1325.0,1303.300048828125,1315.300048828125,18633321
2026-06-16,1328.800048828125,1328.800048828125,1333.4000244140625,1306.4000244140625,1313.4000244140625,18513223
2026-06-17,1332.699951171875,1332.699951171875,1334.0,1317.0,1333.0,10029170
2026-06-18,1328.0999755859375,1328.0999755859375,1333.9000244140625,1322.0,1330.0,15494549
2026-06-19,1309.5,1309.5,1338.199951171875,1305.300048828125,1328.0,24887034
2026-06-22,1326.5,1326.5,1344.9000244140625,1314.0999755859375,1316.699951171875,12931213
2026-06-23,1309.5,1309.5,1333.0,1304.0,1328.9000244140625,15400184
2026-06-24,1313.5999755859375,1313.5999755859375,1322.0,1297.5,1305.699951171875,11030917
2026-06-25,1318.0999755859375,1318.0999755859375,1328.0,1314.5999755859375,1318.0,12694362
2026-06-26,1318.0999755859375,1318.0999755859375,1318.0999755859375,1318.0999755859375,1318.0999755859375,0
2026-06-29,1301.0,1301.0,1313.699951171875,1292.5999755859375,1308.0,13757656
2026-06-30,1293.9000244140625,1293.9000244140625,1306.9000244140625,1290.0,1306.9000244140625,15695263
2026-07-01,1308.0,1308.0,1312.199951171875,1296.5,1298.9000244140625,7001401
2026-07-02,1303.5,1303.5,1313.199951171875,1299.0,1310.0,17795024
2026-07-03,1304.0,1304.0,1312.0,1302.0,1312.0,7839550
2026-07-06,1321.300048828125,1321.300048828125,1325.5999755859375,1299.4000244140625,1304.0,7610709
2026-07-07,1308.4000244140625,1308.4000244140625,1328.0,1304.0999755859375,1323.5,14335554
2026-07-08,1275.9000244140625,1275.9000244140625,1302.300048828125,1271.5999755859375,1297.0,19960868
2026-07-09,1279.800048828125,1279.800048828125,1296.5,1274.199951171875,1277.0999755859375,14651963
2026-07-10,1307.800048828125,1307.800048828125,1311.0999755859375,1287.800048828125,1291.9000244140625,8412537
2026-07-13,1296.9000244140625,1296.9000244140625,1306.4000244140625,1295.0,1300.0,9488352
2026-07-14,1303.800048828125,1303.800048828125,1308.0,1290.0,1290.0,4016016
